92.496,154.87,172.17,352.75,430.98,9823.9
107.18,173.19,149.53,336.61,435.6,10459
87.776,180.78,189.96,315.28,407.67,9369
61.104,177.72,150.79,299.28,384.61,7846.2
16.025,189.22,181.56,305.84,430.17,7599.5
41.789,157.02,169.72,328.29,408.07,7742.2
59.483,158.53,171.32,334.74,424.38,8391
100.74,141.11,176.38,296.24,378.26,9396.8
77.415,191.19,158.68,329.38,396.82,8803.9
100.91,136.4,175.45,333.17,424.53,10007
109.83,160.95,143.59,306.1,379.34,9856.6
126.68,146.29,190.4,317.6,420.1,11479
61.573,129.85,145.04,331.82,397.82,7961.9
73.461,188.82,180.86,325.75,434.71,9061.9
60.745,173.71,192.22,316.52,406.04,8328
53.193,135.16,176.96,336.71,455.57,8430.4
63.621,163.07,173.04,281.22,392.36,7941.3
40.051,176.72,156.21,323.71,390.15,7528.7
83.901,146.61,185.01,337.07,437.31,9431.8
73.501,114.47,157.22,349.93,379.12,8328.5
97.641,161.75,204.79,280.64,397.4,9536.3
52.315,219.93,192.01,350.44,379.42,8244
67.764,153.46,197.72,315.81,416.19,8591
34.677,151.76,157.55,288.66,412.15,7309.3
83.451,159.86,146.89,345.18,408.85,9069.4
71.308,159.63,169.29,285.04,395.56,8222.9
60.183,138.69,150.6,310.47,359.68,7523.3
97.71,170.02,174.35,320.89,384.85,9553.1
98.848,156.37,159.83,349.86,396.83,9763.2
65.248,153.02,157.05,298.21,454.32,8507.4
112.16,165.58,148.49,303.53,397.84,10174
94.098,131.32,126.07,291.33,408.5,8994.1
85.737,168.6,172.04,325.46,391.58,9063.5
95.574,130.7,184.28,303.88,394.53,9327.5
89.111,180.87,151.41,347.96,415.33,9494.3
76.14,155.08,170.22,315.28,402.01,8633.9
78.63,176.42,206.68,331.38,397.15,9063.5
90.624,162.99,153.25,341.46,407.95,9401.2
80.383,169.92,180.23,301.94,398.14,8796.3
74.506,148.04,209.92,303.32,391.42,8588.7
62.678,134.62,170.75,315.89,433.51,8357
72.354,136.91,208.28,347.42,396.73,8775.9
46.08,149.86,171.51,327.39,396.07,7711.8
86.825,167.35,148.63,301.81,386.04,8789.3
66.945,152.46,175.03,258.31,391.98,7876.2
103.52,136.86,194.28,328.94,400.92,10016
81.371,126.45,173,355.14,403.59,9008.6
78.423,143.81,174.12,326.47,410.44,8842.4
69.767,154.21,217.06,274.42,448.12,8782.4
84.613,180.06,139.99,309.29,395.72,8825.2
86.393,124.25,184.62,296.27,402.91,8904.9
91.192,165.99,197.39,342.64,387.93,9507.4
82.93,139.42,147.14,340.95,401.53,8881.7
76.41,178.2,187.19,328.94,427.66,9126.3
96.99,164.17,160.34,308,426.44,9697.4
43.872,158.64,134.04,342.95,419.54,7794.9
77.582,157.68,122.81,333.76,355.71,8168.8
29.087,160.83,154.94,330.22,415.68,7527.4
95.484,144.71,184.16,323.72,418.79,9706.7
88.763,177.92,172.01,318.54,422.59,9455.7
33.175,148.61,148.21,313.62,415.09,7402
94.815,137.94,164.92,324.48,395.43,9351.9
83.866,167.51,155.33,317.92,356.97,8548
101.5,146.01,149.61,316.31,371.67,9381.3
77.122,147.44,220.28,345.41,349.35,8642.4
86.781,129.94,169.44,325.05,417.16,9164
71.852,192.1,164.72,328.46,415.42,8781.8
79.338,177.57,181.52,305.23,363.8,8516.5
116.4,146.52,176.93,333.39,403.9,10734
58.65,149.38,172.16,352.53,383.54,8096.2
93.957,165.61,169.88,299.53,395.59,9289.5
75.746,128.45,178.78,304.43,399.56,8473.7
84.585,140.25,168.74,328.93,363.16,8666.2
99.209,209.83,194.82,315.02,410.49,10071
55.907,198.4,194.43,338.07,383.23,8229
84.245,147.49,168.26,309.71,380.09,8702.5
58.566,154.77,139.26,334.32,399.07,7961.2
92.17,164.79,185.1,290.62,380.21,9095.3
68.216,161.45,198.36,315.56,427.9,8739.1
87.494,183.69,177.42,307.89,370.57,8938.3
80.808,176.26,168.65,310.32,395.08,8802.7
54.64,148.85,170.99,322.58,400.2,7929.7
90.335,161.44,212.68,328.14,439.24,9880.2
62.445,170.16,169.33,334.16,413.94,8423.9
31.872,131.42,144.65,330.02,432.26,7544.5
70.728,176.13,186.17,299.64,409.84,8566.6
61.844,190.84,174.09,355.81,392.65,8461.1
89.877,157.84,132.51,301.09,414.33,9042.6
76.411,135.78,161.68,326.83,380.78,8415.4
97.934,145.77,212.57,299.05,405.69,9715.7
45.77,144.03,162.37,330.01,421.22,7865.5
83.838,151.36,191.81,338.31,404.04,9206.2
89.497,167.78,154.14,337.49,387.8,9175.7
64.937,162.85,168.34,318.86,413.97,8376.9
99.436,155.02,181.61,316.64,406.33,9777.8
86.754,146.26,180.51,334.18,403.46,9222.9
113.71,146.44,159.36,285.05,420.56,10327
95.679,157.49,193.54,325.46,407.61,9729.5
79.919,168.35,176.89,379.87,377.15,9056.9
38.805,135.32,151.92,312.56,398.01,7320.8
72.991,170.47,182.9,337.32,438.69,9090.7
103.12,132.34,126.09,340.47,363.17,9366.5
78.953,159.9,221.31,320.17,390.93,8967.6
82.486,164.29,176.23,308.9,375.98,8694.2
84.173,131.09,153.19,349.44,392.78,8912.1
74.625,177.96,168.49,343.13,394.32,8761.1
98.725,172.31,170.31,303.53,379.73,9439.8
71.914,150,166.23,342.17,395.31,8543.7
101.46,148.05,195.09,310.7,405.22,9879.1
97.846,150.5,165.61,363.49,421.41,10016
68.529,172.72,167.24,336.37,431.12,8785.8
44.025,180.66,205.24,322.61,438.03,8289.6
80.806,133.3,128.92,314.65,416.44,8638.7
84.192,167.8,162.71,324.63,367.28,8731.6
61.673,142.04,185.63,321.32,377.38,7985.4
77.359,144.74,160.83,339.68,403.9,8759.7
85.884,177.63,178.53,333.13,415.8,9393.5
102.02,169.1,204.28,322.09,400.53,10068
113.11,148.5,174.71,340.84,404.66,10591
106.92,180.77,180.86,305.36,413.37,10255
48.662,164.27,191.66,326.07,419.92,8131
120.17,178.47,180.35,335.03,410.42,11166
50.081,150.45,200.36,320.71,413.7,8073.2
56.523,160.5,187.31,293.16,408.79,8004.7
73.758,139.52,173.98,281.99,357.06,7912.5
52.961,138.45,150.25,285.56,407.55,7568.4
44.241,161.46,191.22,321.57,403.48,7845.1
69.655,128.17,173.85,341.7,437.86,8780.3
68.567,125.15,178.24,329.48,396.79,8326.5
53.547,201.46,125.45,310.96,373.91,7564.3
64.263,165.8,177.65,306.76,417.77,8372.6
90.566,172.69,165.87,343.53,415.34,9578.2
129.99,181.38,198.95,322.73,374.6,11516
69.8,143.32,162.98,333.22,389.89,8323.2
58.851,150.6,171.4,330.17,381.62,7948
84.19,160.79,202.45,317.16,398.72,9136.7
53.078,130.2,181.26,316.4,412.06,7932.9
58.902,199.04,177.32,343.5,396.79,8378.4
74.162,173.58,186.38,298.21,369.5,8330.2
54.613,129.57,176.01,313.02,393.84,7768
49.115,175.45,183.95,319.74,422.87,8130.6
59.293,167.82,182.05,328.92,386.29,8115.4
84.389,148.4,156.03,296.47,423.22,8934.9
59.878,155.54,149.51,315.41,333.98,7383.5
54.841,129.34,153.57,317.16,394.73,7688.5
118.19,147.21,169.54,288.82,391.55,10422
49.595,159.79,192.6,330.07,386.89,7884.2
43.481,189.67,217.61,324.14,380.84,7897.3
102.59,146.77,164.95,340.14,372.58,9677.2
36.663,167.95,183.14,323.61,411.91,7756.5
100.18,179.44,162.88,338.55,405.15,9935.8
66.993,134.22,188.29,314.23,402.5,8314.3
60.986,126.75,178.35,320.32,426.59,8282.1
94.313,181.17,159.12,302.05,375.01,9148.9
87.965,217.45,189.97,305.46,419.02,9554.1
53.977,129.39,189.76,305.36,408.13,7897
106.95,167.54,194.2,288.06,415.36,10186
122.25,170.47,142.56,317.37,391.08,10790
85.563,167.77,183.24,314.02,389.01,9018.8
65.236,176.99,136.04,317.29,407.18,8202.9
63.916,169.13,173.28,302.01,404.9,8211.4
71.953,150.59,159.9,322.9,362.95,8117.8
69.233,147.8,155.71,335.26,386.18,8262.9
88.857,179.55,171.49,327.42,414.9,9452.6
75.866,170.46,148.38,344.83,380.85,8569.1
39.337,188.09,173.46,331,393.94,7726.2
56.229,94.933,187.86,315.63,397.41,7789.9
86.035,129.49,159.52,345.6,414.03,9177.8
50.78,113.11,162.83,326.09,421.23,7848.3
79.517,135.7,181.17,297.12,381.45,8462.3
63.895,133.46,169.1,302.81,395.56,7977.3
67.894,150.59,164.24,347.39,414.29,8587.6
78.793,128.5,140.79,280.56,455.98,8728.3
97.88,164.53,154.41,297.66,412.98,9532.3
110.27,123.77,165.37,319.86,359.9,9772.2
95.139,150.49,214.73,313.45,410.08,9734.8
53.682,146.1,150.34,329.82,428.74,8073.2
65.151,168.28,164.23,323.75,426.53,8520.8
80.072,137.49,156.85,318.07,397.52,8631.1
59.463,162.93,201.24,316.37,397.26,8218.9
31.548,142.97,145.65,313.55,412.51,7317.7
109.39,196.74,172.32,314.93,418.62,10511
87.802,175.15,191.03,290.68,412.82,9245.9
75.645,143.27,160.27,348.4,384.61,8573.5
51.709,163.64,216.79,322.15,407.97,8212.1
57.949,194.15,177.38,332.7,381.63,8135.1
95.407,167.29,150.61,322.45,392.11,9376.5
79.841,153.92,170.8,300.03,394.77,8622.7
93.578,195.62,150.51,371.3,433.42,10053
81.08,152.86,160.17,339.02,387.01,8788.4
67.905,177.62,183.88,340.36,412.08,8732.3
69.18,148.42,191.41,307.59,426.33,8623.5
94.083,165.17,174.83,329.26,475.24,10186
75.208,126.62,214.79,334.36,387.99,8722.1
132.26,170.67,180.92,305.36,379.27,11464
40.599,150.32,152.76,335.16,394.89,7532.2
114.53,190.73,178.19,315.71,425.61,10876
53.597,173.24,160.78,313.25,387.49,7774.1
89.588,142.89,152.54,333.17,392.68,9091.2
85.115,151.8,180.4,268.02,411.27,8828.9
116.3,180.88,193.8,316.61,405.31,10856
82.663,161.17,157.41,314.26,397.88,8811.1
67.513,176.65,227.82,293.96,404.21,8591.6
47.413,186.38,204.23,286.87,442.15,8198.8
54.889,163.9,197.73,324.69,449.51,8570
135.08,162.05,134.91,313.99,383.81,11473
61.575,135.59,176.4,365.65,386.57,8262.3
71.695,183.53,200.11,331.77,422.97,9014.8
95.756,151.18,183.73,315.37,382.72,9381.9
90.824,160.57,170.86,327.71,422.17,9530.4
85.77,163.22,180.61,322.69,385.34,9019
94.001,188.6,163.6,361.91,397.85,9752.4
72.464,140.4,158.21,301.7,408.93,8350.8
110.93,170.18,192.62,349.66,349.29,10225
74.056,166.53,189.76,294.35,380.51,8387.4
94.083,156.72,186.33,301.54,367.39,9119.2
93.467,184.1,208.88,289.6,373.59,9292.5
46.756,158.29,161.9,349.08,371.12,7630.3
41.144,163.45,199.7,304.84,375.08,7483.5
74.437,124.96,175.13,338.93,406.08,8660.7
37.656,147.94,168.45,359.52,420.65,7918.6
76.365,186.52,152.93,314.34,431.05,8914.6
108.96,174.42,185.02,309.37,417.1,10421
60.25,171.16,180.66,345.43,392.63,8306.5
90.853,175.73,155.99,324.88,434.91,9603
79.908,152.71,184.31,315.87,410.79,8927.1
74.742,158.77,184.4,350.09,410.97,8961.4
112.01,116.76,165.38,326.55,384.08,10092
50.891,172.05,187.57,327.67,409.79,8118.9
59.364,148.75,172.54,307.24,408.47,8050
126.99,149.08,188.3,300,429.53,11470
57.304,163.52,161.84,332.32,401.77,8087.1
76.639,220.79,161.6,320.64,457.6,9368.2
53.593,170.71,152.27,343.16,408.38,8083.5
91.187,153.33,179.89,352.39,353.98,9136.5
43.423,167.84,161.08,315.42,370.25,7370.2
58.648,150.71,159.6,303.51,392.71,7809.9
57.857,187.2,154.11,359.61,393.71,8253.3
47.218,146.23,194.3,343.69,404.88,8021.1
83.565,172.38,144.27,309.46,363.28,8497.2
68.172,179,189.76,369.43,405.02,8897.4
32.489,194.46,201.57,309.44,406.18,7744.9
93.848,167.2,189.32,319.26,400.72,9558.9
79.399,142.65,204.51,321.75,415.88,9054.3
59.691,136.68,172.87,316.34,426.5,8226
90.224,170.45,144.57,301.39,405.75,9098.7
70.288,186.12,202.8,309.48,419.82,8823
106.72,165.86,208.69,343.82,406.01,10509
95.883,163.22,166.1,329.11,402.29,9593.9
69.938,196.17,179.39,378.68,395.34,8945
89.351,192.23,231.81,327.96,385.01,9588.7
94.348,131.57,169.04,327.3,432.66,9662.9
107.59,158.58,194.08,314.9,415.35,10352
117.59,162.43,168.49,311.17,416.5,10791
105.51,203.58,175.9,325.03,388.31,10147
111.25,157.58,164.88,367.27,418.46,10749
92.529,138.14,183.84,332.49,378.7,9250
72.839,150.69,185.8,300.57,424.29,8673.7
114.86,152.81,174.58,332.21,426.68,10842
88.468,167.45,164.68,316.78,414.35,9282.3
112.73,171.03,149.56,330.67,399.61,10416
72.457,154.58,156.38,314.91,385.14,8273.4
69.931,161.61,178.41,317.11,398.34,8451.6
78.262,168.73,201.55,334.58,395.54,8998.5
90.056,154.02,137.55,272.56,365.72,8470
72.602,146.21,159.72,322.47,387.76,8333.5
64.381,171.9,191.12,372.54,407.85,8793.3
78.777,147.16,170.69,320.56,364.84,8424.4
72.179,174.82,162.84,331.95,422.25,8797.8
100.07,175.39,127.54,309.82,420.37,9681.1
85.806,159.26,183.9,345.24,404.74,9328.4
61.703,155.39,170.42,340.36,410.15,8355.7
89.001,162.25,167.2,322.9,406.06,9266.6
48.338,162.89,194.15,319.32,434.39,8212.9
89.272,150.37,171.55,315.87,406.57,9217.2
93.33,153.06,184.35,358.3,421,9869.4
94.805,142.13,163.6,326.69,399.43,9408.4
43.596,127.51,196.21,305.77,444.97,7984.2
31.12,168.53,174.78,305.81,409.98,7492.5
60.967,177.12,176.16,287.36,350.85,7610.5
71.626,183.1,178.55,322.75,415.9,8780.8
48.437,188.95,156.09,322.41,393.93,7787.6
80.684,118.52,206.61,333.03,443.54,9331.8
107.17,159.4,155.14,285.28,401.89,9828.4
82.138,181.01,154.89,338.23,403.02,9044.4
61.389,175.34,180.32,316.7,440.76,8589.7
90.291,156.85,180.57,323.44,405.16,9370.7
87.038,146.54,158.11,329.16,440.93,9408
71.146,137.99,169.78,311.5,394.69,8293.3
87.496,156.44,162.35,312.34,373.89,8810.7
59.595,129.63,163.98,298.94,386.75,7701.5
71.254,134.07,174.36,328.73,381.4,8299.3
100.84,126.01,166.58,290.59,394.33,9394.9
49.889,147.14,159.29,296.85,358.38,7218.2
89.367,200.96,221.23,311.33,400.57,9597.2
67.824,160.74,155.57,281.5,400.77,8054.5
51.954,119.4,224.39,316.74,409.97,8072.8
102.48,123.95,183.4,332.1,403.27,9894
80.856,148.12,189.88,303.85,384.89,8681.5
92.717,194.4,166.69,311.06,410.06,9519.4
99.97,179.39,180.41,308.36,414.69,9912
75.902,187.93,145.34,324.57,428.48,8903.5
67.214,146.1,155.25,315.79,397.34,8158.9
80.416,140.69,176.49,309,393.82,8672.9
60.041,153.25,249.37,392.83,425.5,9168.2
94.011,132.44,162.55,308.67,412.72,9329.8
87.652,161.42,167.65,302.27,401.64,9039.8
101.37,168.09,178.55,335.36,413.74,10089
43.775,159.55,165.86,279.11,373.76,7176.6
70.873,176.41,169.97,327.1,382.76,8426
32.472,161.12,154.89,346.12,437.79,7869
69.79,184.09,194.7,292.04,400.83,8484.4
83.015,170.09,188.91,335.71,415.71,9311.4
71.025,167.08,127.68,297.2,426.65,8363.5
63.749,166,206.29,303.04,381.48,8173.8
67.261,168.37,170.49,301.18,368.66,7990
69.82,154.53,163.58,316.14,378.64,8167.9
89.037,113.71,177.79,335.6,383.79,9026.4
76.365,165.25,161.92,321.33,410.14,8744.9
57.972,176.61,197.64,328.33,401.85,8321.3
53.221,169.5,149.36,354.86,412.53,8161.5
83.093,150.93,129.28,296.63,409.17,8629.3
127.98,174.63,181.24,310.29,404.09,11441
97.669,153.85,214.3,296.12,393.67,9621.5
78.654,118.32,186.58,323.24,403.22,8737.8
94.167,180.97,191.53,311.82,400.56,9591
84.945,132.89,153.11,312.69,403.15,8812.9
114.99,175.82,165.52,308.47,433.59,10802
134.69,162.66,164.76,292.09,421.91,11796
83.613,183.51,155.78,326.65,387.86,8919.2
104.2,147.64,172.94,314.35,422.3,10073
86.512,138.17,161.54,299.76,412.1,8942.1
84.496,124.98,134.92,320.77,416.1,8828.3
81.086,126.89,142.34,339.74,398.49,8698.1
69.486,186.66,158.12,324.45,410.26,8572.3
94.693,141.3,182.23,379.06,369.91,9569.8
86.628,154.35,157.48,304.23,411.94,9014.1
125.95,142.57,186.07,309.93,442.84,11542
88.941,156.27,187.72,321.5,424.67,9499.7
73.679,135.72,179.92,354.24,376.52,8540.5
72.493,180.16,134.64,334.69,417.27,8655.6
82.02,143.06,174.62,323.57,421.08,9061.7
91.425,151.84,208.62,320.56,384.55,9357.4
68.395,177.1,178.85,340.19,402.98,8641.9
129.53,124.35,166.07,319.86,403.4,11324
107.99,163.74,172.37,323.05,417.24,10346
63.15,168.58,142.06,319.97,381.85,7934.2
63.914,165.06,151.25,300.95,369.85,7773.3
30.984,155.99,199.07,317.82,396.64,7530.4
55.682,192.25,169.55,348.66,409.1,8355.1
72.06,181.77,195.3,319.29,428.61,8967
114.79,157.78,169.42,330.07,408.88,10664
94.434,153.81,189.71,343.53,405.24,9726.9
80.762,132.94,150.26,291.07,375.53,8251.6
74.317,125.41,221.71,337.07,358.32,8482.8
53.429,156.92,138.97,312.01,424.33,7899.7
74.133,157.75,153.83,310.01,373.28,8202.7
85.17,149.71,191.14,347.48,424.04,9481.4
76.83,148.62,149.19,324.09,421.58,8747.3
70.433,155.53,187.65,339.67,371.92,8408.5
81.737,163.25,171.61,340.28,393.92,8982.5
60.291,164.92,184.38,317.07,418.17,8346.3
45.832,136.69,110.56,332.52,380.82,7236
72.268,180.25,175.83,312.41,383.8,8440.2
72.534,171.76,143.08,320.19,417.88,8584.9
47.866,173.15,189.05,303.18,370.09,7563.5
86.61,176.05,186.87,337.56,376.82,9157.1
89.76,147.03,163.03,289.1,424.52,9169.6
81.217,180.13,206.35,297.85,414.97,9125.7
77.291,178.26,197.92,338.77,384.44,8908.4
74.915,164.68,240.78,347.25,450.03,9604
86.221,163.58,187.58,310.59,427.48,9362.4
74.264,130.45,192.97,288.84,362.99,8090
83.586,139.28,155.73,318.23,391.31,8725.9
72.902,164.84,150.35,296.03,357.65,7945.2
69.402,173.04,160.09,332.1,412.82,8596.9
98.264,179.83,160.37,303.71,402.54,9589.6
63.663,189.52,203.6,323.61,392.6,8469.5
88.234,145.44,172.15,310.53,403.74,9097.4
101.14,174.67,198.67,302.5,405.29,9933.1
57.007,167.2,181.57,348.71,424.5,8492.6
91.21,148.6,164.82,278.74,392.16,8910.5
45.139,178.59,193.62,324.51,393.62,7877.5
80.548,192.7,202.96,312.25,405.05,9132.8
54.14,167.53,190.21,340.43,369.53,7936.7
88.104,141.09,166.9,338.09,407.76,9252.4
74.136,171.84,208.93,308.59,373.31,8538.3
53.268,139.42,160.74,333.67,357.94,7509.1
82.49,142.89,197.75,303.74,401.69,8913.7
57.963,144.91,169.33,316.84,390.56,7882.9
101.14,170.65,213.54,315.82,423.82,10237
33.685,172.5,182.53,313.8,416.06,7692.2
95.9,180.76,183.54,334.18,387.44,9658.1
54.67,153.56,178.67,341.49,385.01,7976.1
67.328,221.32,161.76,361.75,421.62,8977.4
65.9,156.93,170.27,331.51,430.07,8612.5
43.329,201.45,191.02,310.15,398.9,7866.8
83.819,165.35,199.86,344.4,394.03,9253.3
74.843,174.49,177.28,345.37,387.18,8755
87.416,165.18,203.86,293.5,401.55,9179.1
78.676,110.21,200.85,380.33,396.68,9080.5
83.557,149.45,182.8,313.68,399.4,8947.1
111.38,141.45,162.73,320.03,398.76,10222
107.64,201.61,154.32,308.22,412.41,10244
69.602,200.81,208.96,333.3,413.31,8979.1
70.486,175.12,198.33,324.58,441.83,9046.3
91.574,156.85,182.52,344.54,393.21,9468.8
75.772,208.76,164.86,341.4,418.63,9100.9
110.77,170.15,123.25,303.8,412.23,10104
82.945,200.17,204.16,332,403.26,9374.3
45.196,198.09,177.57,289.31,410.59,7796.1
79.71,147.24,185.07,306.83,373.36,8525.8
40.894,151.55,161.66,330.82,370.13,7351.1
73.206,127.7,212.59,319.17,427.16,8880.2
87.902,178.14,150.64,347.9,431.89,9566.8
34.154,155.47,161.14,324.89,383.76,7314.8
83.39,171.63,179.88,319.14,374.58,8831.1
78.761,148.27,148.04,320.44,397.15,8584.5
81.573,179.9,186.81,348.91,386.29,9107.6
59.489,157.17,203.67,348.86,398.9,8425.9
65.084,127.38,188.81,322.1,376.92,8056.6
70.566,120.92,183.75,317.98,435.62,8671.1
49.147,179.44,177.77,323.34,416.51,8081.9
102.5,136.77,202.33,296.33,379.08,9615.3
63.502,174.55,152.41,328.61,410.14,8318.5
80.779,170.75,150.26,342.68,403.9,8959.5
92.816,138.6,175.85,339.96,422.73,9646.2
75.795,120.42,151.84,326.19,418.13,8596.7
87.237,146.35,221.67,323.13,419.62,9531.1
68.87,135.85,189.09,343.3,439.61,8887.3
66.503,125.13,208.57,327.14,377.97,8239.8
65.872,142.25,199.03,333.99,406.6,8521.3
82.584,141.99,195.52,328.86,396.07,9010
73.698,157.03,156.23,337.11,430.63,8854.8
129.26,169.69,157.58,325.82,380.48,11275
64.743,145.38,157.35,329.52,378.22,8005.9
91.503,175.78,196.45,321.19,414.47,9648.5
115.24,160.26,171.05,358.66,349.1,10375
68.016,209.95,164.91,309.91,375.9,8261.7
94.13,115.06,158.06,333.47,401.5,9303
90.598,161.8,189,294.71,406.09,9278.1
44.818,175.53,168.28,335.31,390.3,7763.5
84.426,181.19,133.39,282.59,363.24,8343.5
95.293,167.62,160.09,352.95,404.41,9716.3
44.395,137.86,145.82,341.57,388.97,7519
53.066,147.09,157.29,339.44,411.51,8009
83.876,167.85,175.66,301.79,412.85,9035
60.397,136.75,152.32,339.79,422.03,8246.8
40.8,156.06,180.03,308.86,417.43,7731.9
82.875,155.96,163.12,335.77,419.28,9146.6
87.366,154.14,194.01,302.66,404.55,9165.3
106.74,155.19,157.13,362.23,396.37,10229
86.788,142.36,180.78,331.38,401.63,9177.8
84.373,184.33,145.42,325.91,359.92,8656.6
78.152,199.5,194.44,321.47,394.46,8984
88.598,181.24,175.07,355.37,384.48,9379.1
35.806,143.52,170.6,313.83,383.82,7280.2
105.51,125.38,164.49,301.36,391.62,9669.6
63.636,169.15,153.01,304.47,403.64,8100.2
100.21,120.4,212.38,303.26,415.07,9838.6
99.493,186.81,163.95,322.13,398.14,9773.3
64.9,164.83,182.26,314.25,404.3,8345.2
133.43,159,189.61,311.95,390.5,11681
70.331,170.95,158.02,282.89,402.64,8219.1
68.437,165.01,176.53,336.86,420.36,8712.9
49.853,127.29,185.27,328.02,381.9,7672.5
103.42,159.85,177.35,327.34,417.29,10139
109.42,153.68,138.6,342.8,382.14,10031
103.55,146.84,205.94,304.77,378.28,9773.1
97.557,130.67,188.99,330.77,398.54,9650.3
70.42,202.16,166.94,317.64,381.91,8426.5
60.557,146.96,210.49,313.46,387.11,8135
68.191,174.09,147.27,334.72,373.71,8172.6
74.823,120.98,185.97,336.1,387.16,8537.7
84.195,162.56,198.99,324.3,423.25,9379.6
75.118,145.61,173.97,317.45,419.96,8745.1
76.385,141.57,171.53,346.46,392.86,8713.4
63.793,179.72,176.88,314.04,386.09,8180.5
46.63,162.36,168.14,328.28,371.09,7546.6
105.18,169.34,142.03,343.71,389.25,9944.4
83.874,163.74,156.41,261.82,412.72,8669.1
70.41,146.66,183.52,307.2,415.56,8524.3
80.712,138.44,192.26,331.53,427.7,9188.8
58.903,140.45,181.31,335.56,418.84,8314.7
77.694,154.23,188.41,362.68,420.02,9234.8
79.325,147.15,185.21,311.5,406.51,8823.3
93.823,178.47,187.06,350.42,440.22,10120
37.898,121.98,155.48,279.86,394.07,7034.7
70.528,164.39,180.75,307.28,384.53,8316.7
94.14,151.17,146.11,321.83,405.8,9343.4
68.968,173.02,179.49,317.17,400.61,8486.7
87.134,149.93,152.72,318.37,404.23,9016
88.205,158.53,165.21,334.08,399.16,9216.3
94.424,157.28,174.64,319.7,382.28,9316.1
58.185,139.07,212.07,317.43,421.18,8357.8
84.855,198.01,194.14,295.98,394.69,9098.2
96.193,165.18,222.11,320.62,369.1,9574.8
86.839,140.1,175.8,344.15,407.97,9278.6
83.82,155.03,171.71,319.46,343.03,8474.8
85.777,179.85,147.65,289.81,414.51,8955.3
46.052,124.06,191.26,307.94,427.55,7865.2
50.551,146.32,179.82,333.1,411.3,8017.4
81.559,154.35,162.66,331.66,393.45,8836.5
86.37,181.89,127.76,359.33,388.32,9090.9
105.07,191.58,144.07,325.32,473.97,10645
73.073,169.32,181.68,348.12,424.32,9026.8
57.778,149.99,181.94,320.4,454.51,8532.5
86.725,168.3,157.26,294.29,418.13,9062
73.435,172.72,157.39,340.34,363.63,8357.9
110.3,176.85,177.07,297.35,393.22,10184
82.873,184.4,153.17,348.69,459.38,9626.1
67.206,168.95,161.03,285.73,432.26,8389.1
92.065,148.48,177.14,316.82,370.98,9069.3
17.319,158.16,165.1,309.57,383.85,7031.8
39.579,148.25,178.14,299.43,410.95,7553.2
71.857,157.04,144.9,305.64,410.1,8356.6
61.049,162.53,216.1,338.24,423.21,8701.8
126.89,183.72,183.08,362.4,382.62,11554
63.302,201.34,184.26,320.74,411.11,8541.8
72.038,153.05,166.68,310.04,381.81,8247.8
76.307,147.15,204.9,326.54,422.88,9040.9
74.636,157.45,201.06,352.31,402.22,8978.9
112.93,169.1,182.47,367.43,433.63,11112
96.519,167.56,163.51,319.21,439.61,9886.1
35.31,145.84,170.82,324.72,364.25,7181.3
88.615,174.41,155.12,316.2,376.17,8934.9
111.51,166.96,169.52,302.28,403.59,10294
112.76,164.91,182.15,296.53,405,10401
93.779,130.28,198.35,373.14,368.97,9524
34.367,157.64,190.63,319.91,398.22,7575
77.694,136.91,140.41,354.67,407.65,8760.3
52.738,181.64,147.65,319.07,417.01,8002.6
59.988,151.85,175.39,362.42,411.12,8460.3
69.213,154.45,168.91,348.93,395.59,8522.3
61.012,164.18,172.79,338.2,421.58,8464.7
100.28,172.68,187.99,361.4,377.29,9950.4
70.3,123.73,193.98,322.07,395.27,8406.2
41.59,162.99,169.34,293.3,377.34,7279.2
61.633,153.92,140.31,317.81,414.4,8086.1
69.686,144.57,181.12,344.63,392.2,8509.9
67.804,129.15,154.33,334.28,399.16,8239.5
93.537,173.16,182.62,337.64,433.37,9924.9
89.613,168.06,173.87,295.66,390.98,9053.9
84.368,135.93,184.55,328.36,403.62,9066.3
83.858,159.65,174.31,321.43,420.96,9186.7
75.668,103.96,164.61,325.71,421.59,8622.7
106.41,139.48,190.67,326.59,397.18,10114
78.075,158.57,177.7,326.58,387.5,8708.2
55.718,179.34,170.17,351.18,382.22,8095.6
65.141,188.86,204.18,300.11,405.85,8486.1
105.59,187.01,147.91,355.44,415.36,10361
82.309,154.44,154.58,323.6,396.16,8798.9
125.84,163.13,171.14,321.32,388.72,11143
120.86,172.47,176.33,345.09,400.84,11145
75.515,147.52,161.9,355.15,417.59,8917.4
79.375,194.78,175.26,327.68,371.86,8758.9
87.491,128.91,154.11,341.46,408.87,9141.5
59.328,150.84,180.13,326.22,365.76,7848.9
52.359,122.1,173.25,285.65,416.2,7685.4
56.544,136.03,212.19,366.81,384.41,8290.2
76.784,200.18,163.48,357.51,418.66,9200.1
78.718,151.78,210.15,336.48,388.31,8946.9
85.766,140.81,177.88,353.63,412.65,9344
61.682,166.43,160.18,363.82,364.04,8094.2
63.775,175.28,157.62,321.99,415.21,8360
103.84,139.78,171.22,311.76,399.14,9800.6
85.28,146.23,191.49,330.54,391.66,9092.6
83.325,179.73,195.52,335.58,400.17,9262.4
64.598,163.84,165.02,314.68,420.86,8385
107.8,171.61,217.68,289.66,402,10267
79.549,192.9,185.24,314.85,413.11,9084.8
90.985,162.97,132.39,343,328.56,8638.2
79.846,126.73,167.35,350.85,390.8,8781.5
117.63,175.42,169.62,302.73,391.17,10580
85.385,109.61,187.62,327.46,418.64,9148.5
120.35,152.39,154.27,346.27,420.23,11094
74.571,146.75,179.97,298.01,402.91,8494
64.226,142.03,195,322.25,429.77,8570.4
54.854,164.18,152.9,334.55,428.8,8218
98.948,114.95,189.01,321.8,408.52,9689.5
66.118,124.65,193.43,311.02,394.64,8188
81.077,212.17,222.7,294.06,391.62,9105.4
98.194,115.83,200.77,315.03,430.77,9865.5
59.169,139.88,223.14,333.91,395.06,8327
55.97,182.22,181.92,274.3,382.65,7703
139.63,158.91,132.98,303.06,392.75,11777
92.074,155.75,176.89,321.24,381.46,9213.4
102.07,151.52,165.08,325.69,400.13,9815.2
66.658,161.81,218.93,332.93,387.84,8560.3
59.386,154.16,141.83,359.77,405.8,8212.3
53.244,161.68,144.6,333.79,397.74,7850
78.436,166.72,192.61,304.69,370.87,8554.4
75.387,141.96,183.65,282.86,419.47,8573.9
83.961,135.93,168.14,339.13,452.24,9445.2
70.221,188.04,156.78,325.94,397.19,8494
84.669,148.75,145.06,315.96,410.72,8904.2
66.98,155.3,183.17,332.89,386.2,8343.7
71.949,177.35,181.68,293.45,433.88,8759.3
64.671,144.56,145.01,319.33,399.38,8053.3
70.814,141.61,140.06,384.58,432.9,8918.3
70.055,156.76,182.27,321.36,389.61,8409.4
97.079,135.37,215.67,284.77,394.77,9467.9
95.795,161.62,143.35,340.88,404.94,9559.4
60.532,167.59,190.57,367.27,399.57,8548.3
71.409,148.61,134.49,332.51,358.59,7979
71.919,153.41,192.43,263.7,420.72,8426.2
66.706,132.13,174.58,326.49,392.67,8216.3
46.848,184.37,178.89,306.84,426.95,8037.8
85.232,132.67,187.75,284.09,379.42,8626.5
80.725,167.75,176.24,281.22,418.64,8828
103.93,183.55,162.85,313.39,380.27,9777
82.787,164.43,158.64,340.84,419.34,9183.6
91.292,143.41,146.79,335.25,431.78,9488.6
50.595,113.01,204.78,320.33,426.15,8070.4
98.155,133.69,165.74,304.17,405.29,9462.1
101.93,160.33,130.88,347.43,401.59,9808.9
67.954,115.2,182.58,326.74,408.61,8374.2
55.027,143.9,155.62,358.98,384.38,7930.7
73.447,140.55,193.8,321.36,403.05,8646.7
97.191,173.27,191.19,277.05,406.13,9538.9
97.753,166.47,193.61,365.95,427.63,10288
54.084,141.81,172.22,308.19,399.88,7802
103.22,148.05,168.79,316.86,415.63,9959.6
99.227,156.03,168.14,341.13,416.65,9940.2
87.761,227.42,175.43,328.75,399.78,9486.2
90.441,148.18,195.83,359.84,403.31,9634.5
76.13,147.38,164.87,286.02,400.41,8380.8
59.139,185.4,178.02,322.77,430.76,8499.3
40.448,166.05,152.66,308.17,406.93,7524.6
96.194,141.67,186.33,352.1,383.66,9616.1
56.823,158.91,187.87,321.65,384.47,7978.5
79.965,163.48,165.48,298.2,410.63,8760.6
77.915,151.57,161.57,311.16,383.41,8459.7
55.821,185.6,169.72,285.48,391.33,7791
99.719,147.91,211.91,305.33,385.79,9678.6
55.966,183.48,162.64,330.34,367.09,7820.2
65.59,172.93,148.01,322.67,412.99,8345.2
114.73,172.55,194.55,314.21,389.43,10585
78.738,140.49,198.22,337.83,421.65,9135.4
103.91,156.9,162.7,332.6,425.61,10180
95.498,178.92,206.24,327.79,426.7,10047
77.31,175.66,145.43,353.85,364.44,8545.1
81.856,151.92,150.54,328.64,408.47,8885.6
107.05,162.02,186.84,326.7,432.2,10515
101.19,159.38,177.37,358.81,396.53,10039
95.489,140.8,158.84,339.65,415.08,9625.6
99.671,145.92,196.04,325.21,400.54,9834.4
112.86,189.19,127.72,329.07,383.76,10233
71.298,145.9,208.72,347.56,413.14,8915.2
92.259,168.73,189.06,326.87,397.8,9510.5
88.169,152.68,166.52,315.98,399.69,9091.7
77.726,212.07,149.2,299.22,406.67,8743.7
76.5,143.9,181.6,337.35,377.42,8591.3
69.034,132.24,176.51,325.04,415.8,8496
54.854,165.37,171.77,350.71,407.94,8243.5
66.331,154.37,163.56,351.69,390.85,8371.2
43.976,154.95,198.67,335.48,404.96,7952.3
114.87,146.87,180.18,303.4,385.06,10315
70.362,172.69,217.7,338.32,379.15,8683.3
73.27,147.57,168.64,346.28,409.42,8743.4
98.281,171.77,158.2,341.07,373.31,9529.4
94.273,171.69,197.76,291.95,397.27,9442.2
77.932,161.25,193.08,336.26,415.16,9090.5
81.289,194.18,167.97,323.73,389.48,8922.7
76.272,174.32,149.12,325.61,386.17,8530
94.035,118.08,133.9,355.56,398.41,9293.2
36.423,123.92,172.95,328.04,408.58,7528.9
99.857,166.11,173.23,343.52,444.56,10291
78.116,154.13,196.47,311.02,370.54,8550.1
75.333,164.28,177.81,298.25,389.05,8461.6
63.357,179.12,172.03,335.19,414.04,8508.8
73.535,117.76,182.35,336.33,385.8,8447.6
77.204,149.93,210.32,320.98,405.79,8934.4
55.66,143.79,146.42,336.84,414.22,8017.9
60.247,219.51,193.98,330.1,441.58,8885.4
26.236,157.25,174.25,325.8,379.83,7241.2
88.621,112.82,177.01,330.79,400.67,9114.8
85.172,143.2,186.25,313.79,366.86,8732.8
71.074,146.2,153.35,332.17,402.38,8429.5
72.234,147.71,209.81,346.13,397.58,8820.1
79.367,190.77,212.24,344.66,394.72,9238.8
65.378,174.86,156.72,299.24,394.11,8084.6
97.535,162.48,179.89,345.12,406.43,9879.6
53.763,176.76,184.72,319.77,392.9,8004.7
66.177,158.65,158.04,310.91,370.46,7926.3
66.719,144.67,186.84,352.03,423.17,8748.4
99.436,173.29,186.19,337.29,386.28,9828.2
94.971,134.11,187.7,304.22,381.25,9217.8
68.08,131.93,175.1,344.83,396.32,8410.1
87.918,162.54,200.09,318.31,407.65,9377.5
129.13,183.11,155.25,345.02,382.21,11440
77.765,165.2,192.95,313.32,412.77,8935.7
114.54,119.33,152.26,346.59,395.39,10400
76.76,178.47,221.23,294.41,382.53,8720
75.938,159.17,177,315.09,427.02,8890.2
58.549,163.42,195.45,329.46,388.53,8169.3
80.078,152.52,162.23,349.9,397.4,8913.3
65.478,143.36,177.3,290.36,367.13,7789.9
81.589,132.2,166.41,337.82,420.8,9045
109.84,138.06,192.67,328.42,427.71,10580
82.159,176.19,198.58,313.01,391.89,9005.4
49.782,157.33,182.2,306.09,403.04,7814.4
70.109,150.13,191.05,338.68,425.53,8846.8
54.883,156.31,188.46,294.59,441.8,8239.5
82.433,147.77,196.35,329.5,403.81,9100.4
63.343,122.26,154.63,308.12,410.99,8005.3
90.401,142.74,192.07,335.57,398.91,9404
57.678,177.8,172.06,300.44,406.8,8052.1
88.501,128.61,213.77,276.7,367.36,8743.2
103.14,165.95,165.8,321.86,416.81,10049
59.417,178.55,189.34,320.67,405.53,8312.1
64.417,141.25,166.64,343.11,396.52,8269.1
68.119,138.69,151.08,322.08,423.27,8400.6
103.3,170.86,168.31,313.94,409.17,9974.7
97.15,179.52,130.48,320.65,381.33,9299.1
67.709,195.42,158.52,286.43,405.23,8267.4
74.957,150.47,193.15,333.45,409.39,8867.2
71.77,166.47,168.68,325.51,413.58,8667.6
84.657,145.09,163.54,299.88,422.37,8987.1
77.014,145.43,188.93,310.94,410.85,8778.2
109.25,178.75,171.42,319.24,442.02,10657
73.988,165.45,181.58,340.95,406.03,8844.7
85.212,165.89,230.96,339.93,383.21,9358.7
52.114,125.41,213.22,304.5,422.27,8070.7
88.714,127.25,217.04,333.16,439.57,9732.5
84.719,162.91,153.46,322.4,404.4,8990.6
45.769,158.76,178.18,306.55,410.11,7764.7
52.215,147.17,176.97,308.97,410.35,7891.4
69.976,140.89,194.24,334.16,413.47,8692.3
91.876,180.25,195.48,322.32,392.12,9493.7
75.245,185.03,149.73,309.82,423.33,8754.9
95.239,148.8,170.44,318.36,395.77,9408
26.496,150.23,181.23,372.85,370.96,7470.2
64.276,151.1,155.07,307.54,361.32,7719.6
75.209,148.32,185.95,322.82,423.81,8888.2
111.43,161.7,148.89,326.72,430.75,10545
75.563,167.26,154.57,353.16,409.97,8878.6
68.736,124.17,160.4,300.15,391.24,8005.5
84.806,176.49,178.02,323.37,409.36,9224.1
133.01,166.11,177.71,354.59,403.4,11992
63.493,178.63,167.29,325.84,419.84,8478.1
94.444,125.65,125.4,306.95,436.05,9318
82.471,155.98,171.51,343.31,408.44,9127.8
87.502,115.47,171.13,322.02,383.56,8843.1
77.078,146.57,192.95,309.69,428.8,8952
76.667,177.87,222.52,323.01,432.77,9328
55.144,197.26,149.51,320.25,394.7,7954.5
53.542,131.82,188.28,292.58,373.51,7511.2
101.15,159.19,182.7,302.78,397.42,9724.7
83.973,162.66,212.14,308.58,398.4,9129.6
94.951,178.97,133.52,313.43,387.39,9212.8
77.223,169.92,184.06,345.46,410.89,9068.7
84.151,178.92,183.73,293.93,403.83,9005.6
42.976,182.37,130.71,310.13,403.5,7507.8
76.759,198.51,175.93,308.79,413.8,8914.8
52.339,170.55,180.01,313.41,388.53,7841.1
52.678,119.9,165.91,337.86,386.61,7717
110.68,140.59,219.51,307.15,403.61,10440
107.55,184.93,158.93,337.05,378.24,10085
41.907,172.97,138.62,276.93,400.28,7257.2
106.52,184.61,143.52,322.4,418.31,10199
97.911,191.77,207.92,339.51,371.76,9826.4
78.388,130.32,200.54,358.03,359.7,8689.7
95.019,151.99,164.78,303.04,427.94,9560.1
85.567,156.67,183.49,342.79,383.36,9107.8
60.95,173.55,207.91,347.75,399.11,8550.4
49.725,110.19,155.4,345.23,390.05,7622.9
83.488,163.6,128.73,347.76,443.85,9305.2
76.745,180.03,158.94,334.08,445.9,9185.5
104.97,144.53,153.46,322.73,396.58,9831.1
76.247,185.72,179.39,356.39,400.63,9046.5
74.774,175.73,183.68,317.23,368.34,8455.3
54.226,172.05,186.12,290.94,404.04,7923.5
88.621,134.59,153.9,346.57,364.88,8868
86.89,179.6,137.33,318.9,376.97,8807.8
79.438,150.33,140.26,334.53,413.99,8810.1
64.633,170.19,146.67,295.81,377.42,7825.3
75.273,148.2,214.71,320.13,413.27,8934.9
89.556,166.92,178.77,347.62,377.2,9276.8
111.73,173.5,150.74,344.82,426.25,10691
113.24,150.37,209.03,327.12,370.94,10412
61.337,178.58,212.24,296.89,399.21,8290.2
63.832,198.44,156.04,349.45,388.48,8383.5
93.79,131.48,206.12,275.58,408.27,9301.9
86.357,142,154.57,334.35,379.87,8851.8
76.968,100.22,131.27,320.68,424.89,8480.4
43.085,173.34,185.1,309.32,401.03,7735.8
123.35,129.88,184.8,325.96,408.26,11126
77.435,165.04,169.51,286.23,389.32,8430.2
82.458,164.56,187.38,368.03,366.96,9041.9
91.778,161.99,173.97,307.13,398.87,9269.6
91.777,168.06,141.21,340.56,406.75,9394.8
117.15,135.91,159.68,285,401.61,10327
98.356,149.15,163.92,315.46,398.18,9530.8
98.949,159.49,164.68,334.88,373.01,9509.2
90.069,154.84,219.48,308.06,410.38,9507.2
80.021,136.57,193.06,275.09,360.86,8236.1
50.188,186.44,195.33,295.46,397.77,7894.4
62.021,164.03,218.68,303.3,442.26,8698
67.834,145.53,187.51,336.44,407.38,8561.6
46.889,144.71,156.63,310.91,385.19,7437.6
86.457,180.3,169.53,333.2,417.39,9395.4
80.355,153.46,163.43,297.31,395.81,8595.1
80.892,155.25,179.32,322.58,415.54,9033
64.381,156.68,179.83,313.76,407.39,8307.5
40.473,168.74,184.42,321.59,394.15,7676.4
68.509,123.53,197.67,334.91,378.81,8300.3
46.684,151.1,189,339.02,412.7,8037.2
93.609,195.83,139.15,331.43,400.4,9465.6
61.907,174.14,174.65,346.7,379.92,8236.7
59.844,168.21,156.22,324.15,393.13,8026.6
100.48,168.28,166.26,308.27,393.07,9635.3
127.59,158.12,170.53,317.49,433.22,11590
41.356,182.41,159.73,315.9,415.69,7766.2
57.987,168.05,173.21,292.38,405.55,7969.3
89.688,172.49,162.94,321.28,414.54,9377.1
88.706,151.02,148.19,327.32,408.17,9155.7
108.87,126.68,167.36,330.69,399.41,10121
119.96,151.48,125.37,336.87,372.29,10446
105.04,167.6,167.57,301.14,440.35,10238
84.027,148.93,160.24,317.85,427.79,9115.1
117.49,159.72,183.69,328.38,367.07,10538
80.491,148.75,165.83,318.46,341.11,8258.2
62.207,174.96,177.29,310.84,394.41,8165
54.987,144.58,162.58,317.73,413.82,7965.2
77.118,157.49,157.3,342.07,406.45,8817.1
89.388,163.74,191.65,353.23,392.51,9490.6
88.897,173.35,174.58,361.58,381.08,9369.2
67.398,160.78,175.31,316.96,391.51,8284.4
94.791,157.89,157.91,357.42,420.59,9809.5
108.67,158.6,214.81,340.84,363.74,10240
51.114,171.35,172.34,318.61,423.99,8107.2
113.13,167.33,177.43,368.66,401.31,10822
68.142,146.72,159.39,323.33,383.54,8143.6
38.719,132.3,183.88,344.43,426.66,7918.5
125.9,136.5,203.28,323.33,391.75,11252
68.647,177.75,188.35,283.87,422.95,8525.1
94.805,154.22,154.26,305.53,375.7,9071.3
76.509,151.03,168.25,326.24,395.32,8632.9
42.088,146.64,163.83,285.76,420.04,7516.9
32.277,167.98,168.61,314.01,415.07,7570.8
71.214,154.42,156.55,345.15,422.25,8733.3
91.904,170.26,189.95,336.13,409.77,9664.1
90.759,144.34,175.38,333.12,386.37,9216.2
77.574,155.24,200.71,331.49,424.4,9143
90.571,180.25,172.79,324.02,388.4,9292.5
85.658,223.41,176.81,320.67,419.47,9503.9
44.88,182.74,157.05,333.48,407.31,7867.7
76.157,144.17,183.49,345.12,415.8,8965.5
106.74,130.14,175.17,293.4,403.93,9866.3
88.878,143.11,201.58,311.69,414.56,9372.2
70.291,143.31,159.36,291.29,433.31,8433.4
26.413,132.19,133.29,293.55,343.18,6418.7
90.143,160,153.22,294.43,373.99,8785.6
71.739,116.9,183.27,319.74,394.38,8353.4
91.189,166.38,167.56,322.26,398.74,9318
64.474,182.38,199.89,323.13,380.07,8338.9
53.044,164.4,169.24,304.62,404.29,7860.1
52.8,166.27,141.49,270.34,397.18,7441.4
57.036,191.16,203.45,308.83,381.33,8083.8
73.036,152.55,203.72,314.34,426.72,8888.6
103.42,211.82,166.84,311.69,436.55,10350
62.127,121.21,176.58,332.07,393.94,8080.7
70.229,130.67,210.77,325.83,390.08,8497.5
85.956,176.59,152.86,326.33,391.45,9006.9
112.06,162.48,151.26,319.3,410.92,10380
121.46,159.98,186.71,346.71,412.16,11295
59.381,155.79,161.02,336.39,433.72,8413.4
77.099,181.2,160.2,324.95,397.84,8742.7
111.63,165.3,190.81,314.49,388.29,10352
85.807,142.05,146.31,315.3,434.95,9137.8
69.359,163.77,162.36,278.77,401.54,8144.9
112.95,152.23,150.73,300.91,409.14,10260
68.773,179.71,169,278.03,392.35,8137.2
92.437,180.61,201.62,342.53,423.96,9951.3
117.14,191.22,178.44,311.67,395.68,10752
92.243,184.41,169.59,353.23,386.38,9532.8
67.833,151.07,160.93,339.8,397.62,8380.2
116.25,159.03,213.77,270.83,409.09,10624
83.483,199.6,180.24,358.8,441.09,9758.6
64.594,134.27,192.7,304.58,398.25,8161.4
65.62,161.26,187.23,336.5,404.37,8520
57.768,141.46,180.88,275.97,376.99,7555.3
44.835,152.3,184.91,371.04,401.44,8079.3
55.245,149.68,184.34,342.97,391.94,8075.7
77.462,183.94,179.44,323.3,394.61,8830.8
69.52,181.27,163.66,320.63,379.92,8298.8
90.176,164.36,183.99,321.06,386.02,9233.7
75.775,132.32,167.69,369.84,436.48,9152.3
95.694,168.31,192.04,329.76,421,9905
102.76,137.81,170.78,321.05,389.93,9712.5
56.78,185.74,188.72,302.58,379.53,7924.1
86.486,144.76,149.72,316.45,383.88,8765.8
95.314,207.36,139.22,339.12,410.36,9724.8
59.949,179.25,156.2,282.28,378.05,7683.5
89.641,167.73,195.72,331.87,427.87,9709.1
35.659,152.79,167.18,320.41,423.83,7678.2
63.421,164.43,134.84,302.49,421.18,8117.3
41.121,188.73,164.65,332.65,376.95,7583.5
93.333,159.13,200.98,310.19,386.16,9384.2
61.757,200.43,167.88,287.99,421.35,8287.8
78.08,151.72,185.57,340.17,388.21,8813.9
79.876,152.66,162.68,331.56,416.61,8958.7
48.923,182.36,177.88,316.69,368.33,7634.6
72.183,157.7,176.94,312.5,420.89,8674.4
110.33,185.15,169.95,328.63,410.03,10518
64.563,158.92,162.44,323.05,435.18,8525.9
73.649,143.88,203.55,339.86,390.55,8726
62.155,188.64,175.42,325.49,408.83,8420.1
64.411,181.91,223.95,269.62,405.67,8349.2
97.315,142.52,176.64,325.18,389,9502.5
92.325,184.55,179.43,329.34,390.11,9472.9
100.93,157.27,183.98,346.17,395.32,9963.8
73.5,161.05,170.1,295.1,411.61,8512.9
47.431,152.79,145.33,348.82,403.32,7812
87.568,153.66,207.93,313.18,425.6,9490.9
101.66,148.17,183.74,324.26,445.73,10261
56.78,126.04,181.26,301.35,389.22,7731.6
84.485,132.03,197.16,330.43,431.26,9372
71.041,178.24,151.38,326.65,425.01,8699.9
64.011,160.98,208.93,305.22,378.32,8163.5
97.07,158.67,151.76,302.94,408.77,9452.5
82.676,151.81,179.55,333.41,386.25,8911.6
70.875,143.99,202.77,294.89,435.26,8724.5
65.65,159.11,194.78,337.04,394.4,8470.5
96.129,134.5,203.64,345.87,401.92,9794.3
85.999,179.63,167.92,333.02,415.89,9350.3
85.332,129.47,167.75,280.32,393.53,8610.6
61.051,157.15,182.65,338.96,398.54,8298.5
78.397,180.33,201.87,326.17,419.53,9203.1
62.304,192.29,160.92,305.58,412.78,8272.8
76.193,126,197.28,336.15,435.96,9086.9
83.72,173.89,150.7,360.48,451.09,9610.9
69.589,144.64,195.67,297.89,404.74,8401
74.74,176.43,133.62,324.2,407,8567.2
40.543,155.84,187.92,294.96,395.26,7491.4
81.672,148.23,207.65,337.7,389.43,9057.7
84.489,182.75,179.95,333.26,414.97,9353.9
93.006,131.51,160.62,314.24,368.15,8921.5
48.26,166.63,182.27,340.94,409.17,8080.9
61.533,158.83,159.79,339.74,369.95,7959.8
95.52,169.57,190.92,309.53,405.65,9638.7
76.7,127.58,184.9,330.87,386,8587.2
103.47,122.27,166.18,313.45,386.61,9590.8
63.682,169.25,156.5,323.06,392.65,8141.5
74.875,199.54,163.44,340.12,402.32,8876.4
78.216,119.39,196.1,324.85,392.46,8692.5
78.34,156.88,213.05,298.49,389.79,8744
83.051,197.91,180.14,344.84,417.26,9443
92.584,186.06,222.65,324.7,395.47,9735.5
81.471,152.82,126.46,319.19,405.04,8658.4
69.903,154.62,200.6,323.34,400.91,8601.2
63.736,147.51,172.66,324.29,409.65,8298.3
111.73,187.51,149.75,358.33,380.93,10435
131.29,163.32,165.6,279.37,393.21,11249
109.79,150.53,165.34,294.18,377,9834.9
65.464,166.68,131.67,335.57,391.48,8126.9
94.368,159.07,165.51,332.13,412.09,9604.3
119.88,131.96,160.09,296.05,389.62,10445
66.996,149.93,164.97,310.95,396.57,8180.8
86.508,182.43,167.14,359.81,419.77,9578.4
103.05,138.67,136.56,328.45,408.73,9757.5
42.024,128.1,182.12,343.28,429.88,7981.4
58.367,171.79,187.6,320.95,379.55,8025.1
54.475,174.63,139.61,315.45,404.47,7851
100.4,151.65,145.66,328.89,386.49,9530.7
114.71,141.02,178.34,364.3,423.56,10980
77.205,169.17,224.98,350.89,373.77,8996.5
81.418,181.41,142.69,327.65,400.11,8861.3
83.585,142.33,136.58,299.2,440.71,8941.6
74.847,139.27,205.44,340.82,383.5,8709.1
100.02,182.36,158.6,332.9,393.78,9784.4
103.7,132.78,166.23,338.77,399.87,9913.5
89.604,195.47,165.86,298.72,434.18,9504.9
68.417,165.81,162.6,288.83,381.73,8013.9
104.98,150.48,171.63,327.89,426.13,10235
80.743,153.75,156.95,333.8,357.89,8479.5
53.002,174.54,184.11,294.93,412.75,7988.4
87.37,134.4,173.27,355.1,391.22,9191.5
49.395,162.47,163.06,314.12,410.1,7833.8
76.412,151.18,153.2,304.48,380.14,8285.8
64.911,195.95,177.85,310.14,398.86,8369.3
82.685,164.93,181.43,344.41,394.34,9109.4
84.98,146.23,135.92,309.66,431.17,8995.8
70.147,180.51,187.34,309.14,441.52,8898.7
95.812,178.02,155.76,308.09,415.04,9571.6
102.63,158.6,210.54,318.95,416.54,10210
77.628,182.02,167.93,320.96,370.01,8544.4
83.875,161.03,185.8,328.69,387.54,9012.3
91.436,213.71,161.36,341.1,389.46,9515.1
58.573,135.69,186.79,322.31,419.79,8241.6
73.587,134.59,170.62,320.08,414.33,8595.6
52.261,120.64,184.36,305.39,391.27,7644.6
89.061,159.54,178.21,346.37,423.81,9614.2
77.633,148.04,149.82,328.22,449.87,9047.5
99.441,163.86,151.82,296,390.45,9391.3
-0.65089,167.88,200.75,323.93,394.69,7362.3
105.83,150.22,162.66,340.97,401.65,10104
64.298,177.09,164.72,352.75,388.38,8382.2
65.145,146.02,182.21,348.89,409.17,8537.3
93.694,185.39,172.08,341.44,398.93,9652.6
121.45,164.6,163.37,323.72,386.21,10825
45.704,166.47,179.63,335.29,383.87,7753.9
60.732,148.9,153.75,377.87,409.3,8437.9
63.908,168.02,200.46,335.78,420.69,8694.4
87.605,127.66,158.89,343.77,397.39,9083
82.975,170.75,153.42,325.59,392.44,8863.6
46.749,167.37,157.13,311.11,373.54,7425.2
64.957,168.34,207.61,297.97,408.75,8431.1
88.496,180.97,201.1,298.51,402.81,9315.1
103.28,170.55,204.03,347.04,450.51,10719
22.801,152.22,167.69,291.87,390.64,7026.9
107.28,160.4,194.84,355.79,395.46,10429
68.997,131.63,168.97,306.68,396.95,8177.7
72.844,143.93,150.84,313.72,401.84,8353.3
58.839,166.52,171.75,316.17,420.59,8257.1
125.76,176.87,188.2,321.72,404.24,11415
89.71,147.6,143.57,330.59,386.86,9001.7
85.786,141.8,148.57,292.29,407.41,8769.5
118.41,163.34,185.02,324.62,406.34,10927
126.99,142.83,171.45,307.54,416.45,11293
82.891,152.32,190.28,300.6,404.03,8927.9
81.747,192.05,186.02,322.31,373.49,8882.9
46.817,171.5,160.13,316.58,383.36,7576.4
81.353,163.92,211.23,359.61,423.72,9552.5
100.21,134.71,201.43,301.94,368.1,9425.6
143.73,165.82,160.91,321.78,402.97,12449
34.296,144.2,185.83,322.36,366.78,7243.2
67.286,156.02,176.47,286.53,406.87,8211.3
109.51,125.87,183.94,349.7,409.48,10445
89.869,149.23,170.9,297.69,398.99,9059.1
66.009,145.4,205.01,319.17,414.7,8546.9
85.402,137.95,135.27,291.65,407.3,8663.2
71.263,175.03,166.83,293.98,403.54,8390.9
100.57,164.7,170.88,312.82,428.03,9978
96.666,150.18,146.63,302.53,408.5,9368.3
54.724,151.07,172.21,307.83,388.48,7755.3
72.828,147.64,146.71,337.01,382.31,8322.4
99.19,151.98,168.33,348.69,406.99,9888
69.151,141.87,163.96,329.98,419.24,8530.9
78.561,148.85,181.78,335.65,392.72,8812.7
107.72,151.54,193.54,341.86,402.71,10388
75.789,177.38,137.07,322.32,402.98,8583
85.199,140.66,145.29,266.48,412.92,8609.7
100.09,149.87,224.49,308.22,374.13,9689.2
74.513,161.37,189.03,324.15,385.57,8609
45.728,146.89,146.27,336.74,399.36,7645.5
38.832,166.8,155.49,349.84,402.62,7731.1
82.349,142.7,185.7,322.97,406.05,9000.1
70.865,172.6,123.79,325.08,423.44,8503.6
73.573,171.24,162.32,325.23,389.33,8509.6
101.49,168.98,203.52,320.75,400.29,10025
84.106,189.43,124.81,286.58,428,8895.1
117.13,154.88,203.06,366.97,405.5,11168
68.038,149.18,169.41,338.31,397.96,8418.4
120.14,152.06,159.81,333,406.45,10908
87.225,115.4,171.63,283.3,405.4,8780.2
93.546,183.81,190.5,331.73,417.74,9837.2
76.374,158.35,196.09,344.34,391.69,8883.4
39.996,111.19,140.86,300.72,410.87,7230.9
61.344,157.37,182.49,292.65,383.76,7894.2
61.897,142.4,165.59,338.07,390.92,8107.9
92.069,166.27,178.78,342,446.26,9946.3
108.22,126.05,185.84,295.56,359.51,9621.5
52.255,113.56,151.12,349.92,391.57,7720.9
133.58,167.32,195.75,318.57,395.69,11841
61.186,162.52,143.77,303.85,379.18,7735.4
81.076,190.84,219.86,284.93,408.78,9099
63.888,136.55,176.93,311.76,402.6,8145.8
93.619,139.61,171.58,286.08,393.52,9081.9
98.224,122.67,182.94,293.36,406.11,9454.1
68.147,153.33,141.25,302.58,397.5,8064.4
79.056,155.16,161.37,349.38,397.47,8874.9
61.342,143.3,173.19,341.03,392.66,8167.2
95.773,163.89,162.99,304.54,405.24,9447.8
75.399,140.24,158.17,332.89,412.43,8683.3
71.05,176.42,167.45,319.2,427.34,8751.7
66.274,116.46,147.83,327.7,397.02,8045.6
135.06,129.58,169.67,322.46,372.82,11488
100.11,174.7,207.01,335.99,327.33,9465
57.347,165.67,157.73,327.54,400.15,8031.5
66.116,160.58,185.49,345.51,382.85,8396.4
65.608,144.1,192.49,354.48,423.59,8757.5
105.58,164.37,158.01,335.82,437.61,10396
88.134,178.58,142.51,333.55,398.31,9159.9
89.122,185.84,161.4,353.09,381.81,9311.5
78.411,165.57,197.06,314.86,381.97,8730.4
107.16,166.73,134.77,328.3,365.99,9708.6
94.088,188.15,170.95,302.63,427.17,9677.1
66.885,142.05,148.4,290.95,407.29,8027.4
70.625,175.63,173.58,317.24,365.55,8224.8
61.351,161.34,165.82,348.27,363.25,7991
73.771,161.55,159.67,323.96,436.25,8859.6
55.606,151.82,145.11,336.83,376.32,7715.8
59.622,188.89,191.98,305.82,422.78,8427.4
63.783,161.37,213.1,368.79,392.27,8692.8
76.931,180.87,187.46,316.75,397.15,8821.6
61.172,111.67,171.49,296.58,396.77,7791.8
129.14,159.86,206.31,298.4,428.19,11725
42.581,153.31,180.84,334.58,398.93,7764.4
54.94,133.71,159.67,300.32,389.43,7590.4
57.693,185.11,180.41,327.54,384,8097.2
83.343,165.91,155.2,296.77,361.09,8423.2
95.799,138,175.74,323.35,403.44,9518.3
64.22,154.43,168.35,349.82,377.37,8199.7
73.255,181.44,183.57,298.88,418.11,8731.7
21.092,148.86,207.53,332.04,418.07,7688.4
75.615,151.21,189.31,370.04,395.92,8986.5
107.59,147.88,165.78,335.22,382.68,10009
97.251,123.98,124.17,318.3,408.4,9275.5
104.21,161.66,194.71,326.65,415.73,10262
57.311,157.56,162.27,316.67,449.53,8378.6
48.212,159.87,168.06,329.55,439,8163.7
96.625,145.43,144.8,339.34,380.8,9329.5
62.61,168.88,142.95,354.14,403.68,8321.3
72.666,176.04,191.62,316.41,424.57,8895.4
85.235,182.15,180.27,317.62,438.08,9486.3
61.19,172.39,217.03,312.98,414.79,8520.3
84.236,151.88,174.69,334.53,450.19,9506.5
96.084,154.05,133.53,326.82,406.98,9423.2
61.017,180.25,182.94,333.88,391.37,8294.5
63.266,149.39,151.56,310.7,416.72,8155.5
30.423,122.12,175.32,328.48,381.7,7205.3
88.769,185.47,189.06,288.94,386.26,9080.4
59.714,152.08,160.74,304.03,441.45,8273.5
70.599,155.97,180.75,285.42,377.67,8092.9
87.378,166.5,150.5,345.14,400.14,9209.4
80.519,161.44,163.27,283.35,398.8,8570.5
44.851,155.71,179.1,325.76,372.56,7534.5
85.22,133.86,180.03,334.22,434.94,9375.5
34.698,176.49,171.38,320.04,389.78,7480.1
82.452,153.75,161.83,310.36,414.41,8914.5
87.833,182.16,182.35,318.57,377.74,9101
84.137,152.75,179.4,339.9,391.23,9059
67.479,153.74,179.21,364.19,383.29,8502.9
105.56,154.65,193.53,322.87,390.37,10060
72.141,179.2,201.24,341.7,389.75,8797.6
50.623,167.53,185.8,269.11,402.04,7656.2
121.35,155.22,161.3,300.56,363.68,10436
67.329,165.46,154.2,326.92,418,8477.1
65.159,169.44,186.58,320.72,442.42,8760.4
50.97,164.9,155.4,306.53,410.75,7801.5
100.4,162.71,202.04,302.18,408.6,9893.5
66.463,143.33,119.77,337.51,440.71,8441.7
88,187.92,176,295.9,383.3,9004.2
60.783,182.19,164.73,323.53,373.67,7983.3
73.732,125.18,160.09,337.49,437.26,8813.7
87.703,161.19,197.2,336.83,350.35,8971.9
40.116,141.74,156.51,288.17,387.36,7153.7
58.097,182.15,162.02,294.95,392.83,7874.7
63.243,164.63,169.93,290.57,413.66,8159
69.952,146.62,156.96,338.21,399.25,8420.6
45.105,204.52,167.63,327.28,408.95,7987.5
50.253,184.68,180.01,324.62,429.76,8263
80.883,123.16,174.43,346.01,426.87,9126.2
83.09,123.76,197.68,320.42,405.54,9001.7
104.34,167.57,96.975,286.85,384.23,9260.1
50.571,162.36,177.94,307.13,425.97,8034.1
61.088,151.93,160.82,302.88,402.67,7976.6
48.421,152.63,192.12,338.63,360.86,7655.4
86.058,149.58,184.18,325.22,394.92,9095.8
77.28,171.86,189.94,305.95,373.79,8547
68.8,180.47,181.93,329.85,392.28,8529.5
61.556,202.56,172.57,320.92,395.81,8299.8
79.015,152.48,152.94,331.92,431.62,9002.7
81.422,143.6,175.95,342.94,438.8,9317.6
48.189,161.54,165.71,333,405.06,7888.1
65.256,121.39,149.39,308.94,395.81,7912.1
102.13,146.73,182.54,340.55,406.37,10037
79.33,146.4,192.35,355.65,411.47,9174.2
83.981,164.08,196.38,314.7,390.83,9025.6
88.674,152.75,193.41,291.02,429.25,9354.5
62.289,164.14,164.99,336.53,371.91,8028.1
55.252,193.27,154.38,307.02,402.83,7955.5
60.866,162.22,199.34,323.05,437.61,8635.8
47.26,153.21,156.5,329.32,375.16,7506.6
40.784,150.93,136.83,302.85,390.09,7213.3
42.648,170.94,181.15,308.51,372.43,7446.7
71.805,155.65,129.35,348.94,410.63,8540.3
40.91,200.5,171.56,290.83,382.18,7446.2
83.048,129.07,164.87,319.5,392.65,8731.5
81.815,144.28,169.53,325.6,355.13,8479.4
37.469,136.85,176.44,325.86,386.25,7411.7
104.99,182.83,171.07,391.12,393.9,10472
98.11,157.84,138.72,360.91,379.3,9539.2
79.099,199.3,188.2,329.37,398.49,9071.6
82.683,198.66,165.13,316.99,392.01,8962.8
68.947,155.55,187.7,323.46,385.63,8373.2
112.08,140.98,167.86,323.29,366.37,10030
56.469,132.12,119.08,366.2,386.27,7795
95.115,159.52,153.99,320.77,409.99,9493
53.674,184.2,199.78,319.58,414.37,8292.6
52.09,171.11,172.09,355.23,381.53,7994
119.6,159.58,184.08,351.91,424.58,11304
59.253,140.03,155.65,344.08,398.69,8068.9
68.264,160.88,196.41,318.3,407.99,8575
29.168,145.2,152.48,308.26,385.61,7062.5
68.736,148.89,188.51,351.63,369.45,8380.6
114.19,185.97,176.72,354.64,406.65,10909
56.235,182.73,221.42,305.44,380.6,8095.9
101.35,158.66,146.26,347.46,398.31,9825.4
60.939,147,164.37,341.21,377.38,7992.8
87.364,180.15,156.8,328.61,366.97,8908
92.122,135.7,191.62,330.68,392.93,9373.1
46.63,186.99,177.96,356.67,401.71,8130.4
40.391,194.48,168.68,340.94,386.44,7744.2
90.345,176.61,195.94,332.05,400.68,9544.8
80.578,165.47,159.33,333.12,379.28,8709
37.737,162.64,178.9,326.23,438.58,7978.6
103.32,198.11,179.37,340.61,389.18,10133
72.731,122.63,176.23,340.99,379.42,8378.3
72.908,144.02,157.87,340.48,402.94,8568.2
93.015,167.45,194.32,274.44,380.17,9093.2
73.966,166.43,198.77,308.25,388.89,8588.9
71.599,173.69,176.99,345.14,385.4,8613.2
86.15,167.25,140.41,327.81,437.89,9320.7
52.525,145.84,153.52,345.21,389.9,7820.7
93.261,124.78,136.68,342.46,413.93,9348.3
83.411,179.37,176.18,324.54,383.25,8949.6
77.757,136.16,156.15,311.64,404.43,8548.8
111.06,167.05,183.25,332.97,426.69,10729
89.688,160.49,165.72,334.1,366.35,9012.9
78.43,178.87,170,333.67,405.13,8954.3
89.785,148.84,209.69,329.91,404.48,9504.5
52.675,155.12,144.55,315.59,375.84,7509.2
76.221,162.34,164.64,355.74,430.14,9126.8
107.11,171.5,191.07,307.88,404.29,10221
54.1,164.17,198.64,298.61,397.17,7944.5
46.918,171.83,200.49,345.52,380.09,7943.8
62.74,157.02,166.51,310.59,348.77,7664.5
90.864,154.26,189.26,327.15,339.28,8892.2
71.261,175.58,196.61,314.99,412.41,8755.8
82.532,178.42,215.8,302.57,445.42,9513.5
82.04,142.46,157.83,324.08,404.42,8832.5
86.146,176.44,182.32,300.21,387.11,8970.8
61.698,146.82,182.19,328.74,396.78,8198.3
56.683,152.35,187.24,318.91,431.63,8332.6
60.454,165.3,198.83,303.64,400.36,8193.2
52.171,139.7,144.52,302.08,409.21,7638.5
72.539,171.34,196.25,329.2,417.74,8917.9
93.337,208.42,190.59,290.44,407.71,9580.3
91.506,178.86,191.84,311.34,402.11,9469.4
84.772,163.66,217.17,288.08,419.41,9247.1
102.35,146.81,185.13,319.76,379.93,9707.9
79.662,194.02,166.42,334.73,378.1,8818.1
58.296,133.26,144.78,301.92,382.73,7559.4
68.319,124.81,164.17,305.42,384.94,7992.1
70.936,183.65,174.67,330.42,434.67,8945.4
91.866,161.86,197.46,368.22,390.73,9705.7
95.288,142.14,148.67,307.46,399.99,9238.9
36.559,125.75,173.57,334.17,417.95,7659.8
86.698,155.4,185.84,373.72,442.84,9865.4
76.317,188.72,161.8,328.95,404.55,8831.5
93.51,133.76,187.81,325.14,408.4,9509.1
56.061,150.93,142.5,306.28,381.26,7564.5
70.251,162.69,192.49,299.28,407.67,8510.5
100.26,179.25,141.44,336.92,398,9755.4
106.43,178.58,167.48,327.25,412.21,10275
26.121,146.32,166.5,297.69,354.88,6769.4
95.114,146.33,199.26,301.59,421.45,9660.1
92.26,170.86,153.07,317.89,391.71,9221.4
57.497,149.86,140.89,318.33,397.4,7806.2
60.183,172.48,152.85,316.43,412.5,8153.4
82.014,109.05,158.62,313.13,389.97,8516.3
49.282,158.25,171.26,348.36,403.88,8016.9
92.302,156.43,136.62,290.83,385.83,8863.6
68.493,171.2,157.33,308.48,406.88,8346.3
65.812,133.48,163.19,307.4,415.98,8212.5
82.196,170.57,165.16,365.86,403.81,9238.8
58.334,131.49,176.83,313.12,373.28,7711
67.739,125.13,189.03,362.24,417,8730.5
70.804,187.57,180.85,275.24,398.51,8337
79.203,170.91,171.33,346.15,373.77,8770.7
128.95,187.42,169.61,327.64,383.29,11422
58.106,160.75,195.37,340.97,446.08,8709.3
70.748,154.5,117.62,315.17,404.58,8174.9
78.347,145.62,147.86,313.03,447.52,8942
58.142,159.21,150.57,345.96,417.97,8259
80.909,158.16,205.67,333.69,401.46,9131.9
80.414,191.32,185.11,327.24,413.41,9192.5
75.498,138.52,182.45,287.71,387.02,8311.1
99.668,144.64,180.41,317.12,407.33,9755
86.411,148.69,130.36,342.96,389.87,8891.2
83.51,179.42,152.15,347.87,417.02,9261
80.116,151.66,199.95,330.93,412.66,9123.2
133.84,170.75,199.36,320.56,439.2,12275
75.571,138.36,174.42,285.75,427.81,8607.9
52.81,165.04,193.88,331.71,409.34,8196.9
59.491,158.01,194.21,305.66,375.71,7913.2
62.956,177.01,169.03,326.28,365.06,7997.8
61.411,144.54,148.31,346.15,423.26,8336.7
44.804,164.38,154.59,318.15,402.49,7646.5
113.29,166.9,161.05,338.99,419.84,10717
80.449,206.02,171.28,312.02,412.95,9079.1
50.341,150.56,163.48,350.18,416.3,8090.8
90.256,178.38,193.56,322.3,371.94,9228.7
42.429,159.95,209.53,338.99,423.43,8174.4
115.05,149.02,161.52,344.65,386.55,10504
123.54,177.77,161.49,313.81,412.44,11158
92.457,183.57,181.87,300.41,403.48,9423.4
45.452,171.2,186.72,324.68,382.18,7723.4
104.17,179.8,159.89,293.73,422.52,9999.5
90.275,159.91,180.1,336.19,392.52,9350.1
110.03,166.4,158.75,311.31,432.97,10460
63.977,136.99,198.9,328.29,447.58,8753.4
71.959,172.49,174.36,330.65,368.31,8371.9
82.776,175.1,174.65,314.1,402.07,8994.8
33.894,185.11,181.92,333.13,415.21,7853.3
83.552,188.8,151.38,320.06,424.19,9183.7
77.254,172.59,140.91,328.91,424.17,8864.1
30.741,154.23,148.58,300.09,413.92,7292.1
100.34,154.78,163.92,359.28,399.73,9937.5
85.513,151.88,185.37,296.08,401.98,8967
59.047,155.15,189.18,362.57,392.08,8355.1
88.703,149.6,176.64,379.77,405.32,9600.5
65.082,180.1,194.09,289.82,388.15,8182.4
68.195,153.85,176.96,309.91,410.59,8413.5
87.397,141.55,182.62,298.17,418.77,9152.3
73.089,174.2,154,337.96,395.76,8593
76.04,153.48,188.8,359.29,420.26,9150.5
78.174,143.53,176.52,300.77,399.7,8592.9
97.247,157.33,199.69,311.21,410.67,9776
84.456,129.89,163.86,342.62,377.75,8805
74.355,138.79,154.3,302.36,418.73,8482.6
77.695,166.98,163.16,319.01,419.02,8871.7
50.651,143.3,196.1,357.03,383.49,8004.4
86.739,133.1,188.51,324.4,380.34,8955.6
88.195,185.58,171.47,302.84,378.17,8979.2
51.604,167.48,181.86,305.24,417.29,8015.1
55.288,190.24,130.3,315.9,417.27,7996.7
77.815,160.18,164.14,362.69,391.91,8894.1
92.146,184.47,167.67,351.89,410.81,9719.1
46.464,149.31,171.73,334.95,416.43,7940.9
92.126,128.91,142.88,349.74,418.74,9429.6
86.172,191.47,213.37,305.48,402.41,9356.5
86.567,161.67,179.01,325.68,424.24,9390.8
20.112,159.03,169.53,311.82,404.54,7276
88.723,153.2,175.15,287.14,378.24,8801.7
69.756,155.6,152.47,296.94,414.34,8297.7
80.376,187.93,186.17,297.26,355.16,8499.4
80.468,154.41,186.36,340.72,397.35,9006.1
80.668,144.08,199.87,322.7,390.4,8874.8
67.998,197.16,185.38,330.4,408.57,8726.5
87.053,169.03,174.9,357.39,396.53,9378.1
59.931,150.53,199.49,337.95,426.02,8556.3
73.082,162.31,136.85,341.38,399.28,8508.3
78.729,180.34,169.05,330.62,386.53,8788.8
66.443,170.48,170.34,288.9,390.29,8078.5
138.36,169.46,179.26,313.07,363.51,11783
80.392,94.808,155.47,291.21,397.07,8303.2
99.996,169.94,165.49,287.62,390.39,9462.2
52.78,168.13,162.53,351.23,399.08,8076.1
45.815,160.81,189.76,311.25,414.44,7900.8
84.649,167.19,167.94,318.95,398.72,9010.3
74.873,128.73,174.38,296.74,404.2,8410.3
53.18,187.64,191.92,310.35,444.68,8453.2
101.37,176.99,131.45,295.16,386.85,9396.7
70.709,131.75,188.46,310.69,398.07,8376
66.094,157.31,203.44,283.36,381.44,8080.6
67.716,170.75,153.38,310.65,416.23,8390.5
51.895,181.05,181.92,333.53,401.22,8112.7
56.712,125.73,177.97,336.57,416.67,8164.2
75.76,193.6,178.63,313.2,403.73,8812.7
64.685,173.52,207.3,343.36,406.72,8704.2
49.118,145.85,183.19,320.02,430.42,8079.7
91.369,129.19,188,335.59,438.12,9711.1
79.341,164.65,141.84,312,370.32,8356
74.466,142.87,147.85,321.52,383.96,8289.5
104.05,205.71,177.96,327.52,360.6,9867.3
108.85,146.12,182.94,317.41,408.71,10274
75.753,161.89,152.53,324.39,370.42,8338
75.289,162.97,168.95,328.43,420.03,8860.2
44.245,128.74,161.81,330.57,408.76,7666.1
70.132,171.28,218.21,299.07,383.85,8469.5
39.312,161.95,191.38,313.85,424.31,7873.7
72.719,164.25,195.96,333.9,408.13,8842.8
107.37,140.05,165.05,327.81,394.07,10014
65.774,174.21,164.16,329.87,397.7,8355.1
68.45,168.71,180.85,280.37,394.44,8178.6
55.016,161.49,159.77,321.32,427.73,8157.3
113.12,175.85,141.37,352.28,424,10757
82.855,209.95,165.13,359.1,378.41,9157.7
69.256,134.65,186.52,329.22,387.92,8353.2
48.153,102.78,154.84,291.64,415.35,7436.9
100.08,117.31,138.25,311.61,421.33,9534.8
103.75,189.89,166.48,307.87,379.93,9773.9
89.072,175.14,142.79,318.7,390.43,9030.9
90.143,183.06,199.84,331.81,392.78,9511.6
67.575,134.61,199.1,302.84,360.83,7965.6
60.274,189.48,180.05,313.95,405.8,8291.8
85.676,168.31,171,369.36,423.65,9600.7
25.792,139.27,174.09,332.01,395.58,7338.9
76.6,152.37,147.26,366.13,397.43,8796.2
126.14,140.55,169.39,294.26,383.65,10855
96.41,174.95,156.47,324.77,392.33,9501.8
94.855,143.08,207.28,289.22,407.61,9482.3
45.937,143.99,152.29,353.99,398.13,7767.2
84.367,129.02,154.7,328.88,399.38,8849.6
91.365,183.34,155.55,301.33,411.06,9303.5
75.033,159.43,156.26,301.79,410.87,8526.7
110.16,151.91,197.93,350.24,423.93,10782
109.25,166.65,141.03,304.4,398.3,9984.3
47.213,148.2,201.41,305.31,405.77,7835.9
83.437,197.72,169.5,335.11,375.8,8987.5
59.226,165.98,185.73,311.75,407.27,8198.9
63.498,171.16,160.09,326.87,408.9,8324.4
107.5,135.97,179.23,285.54,404.18,9905.4
93.95,136.85,170.48,347.3,436.14,9825.2
77.601,190.21,171.45,303.35,399.36,8735.3
41.139,141.89,161.78,350.43,406.18,7749.9
120.28,168.46,182.16,316.94,382.9,10797
81.1,151.29,142.22,332.38,398.08,8742.4
83.034,148.28,189.09,309.11,408.97,9007.2
91.523,156.54,155.53,326.61,424.04,9475.8
32.039,161.54,177.72,328.93,393.62,7499.1
84.626,147.58,180.1,345.61,399.63,9171.2
55.003,157,183.84,315.97,436.25,8306.2
68.338,150.27,208.83,327.86,412.72,8702
105.43,145.46,170.89,339.79,384.88,9956.5
82.55,134.84,185.41,368.34,398.13,9190.3
69.151,193.87,155.16,313.75,400.85,8425.7
90.244,136.4,154.54,327.98,397.58,9116.6
42.531,123.13,138.57,322.03,411,7450.8
91.499,136.96,132.74,334,399.77,9117.9
77.187,150.67,168.26,361.36,398.32,8901.3
88.233,113.78,143.68,305.28,404.6,8801.1
85.116,211.61,138.04,285.5,395.65,8809.5
59.388,137.45,194.68,312.7,411.32,8182.3
81.81,125.7,190.77,316.26,387.69,8740.7
74.357,167.38,197.86,323.75,365.49,8498.2
94.995,147.73,213.33,334.37,415.2,9883.4
70.431,141.53,159.51,294.52,384.32,8033.1
102.26,146.65,173.52,354.17,391.11,9950.1
73.348,173.6,178.93,331.29,393.62,8672
73.861,193.01,217.01,320.9,385.35,8830.8
75.66,147.09,159.75,280.35,369.13,8032
76.944,145.63,202.4,282.93,382.12,8427.8
88.065,168.96,165.57,300.65,351.97,8641
67.614,168.97,172.24,293,421.51,8415.2
92.96,155.18,176.48,323.16,405.26,9466.2
93.689,151.63,207.98,297.69,394.8,9405.7
60.82,145.24,140.24,345.98,403.12,8105.2
74.906,161.17,159.91,313.89,420.28,8703.3
76.167,169.84,188.46,343.11,390.35,8860
61.983,167.09,155.06,346.19,379.1,8098.8
100.37,193.15,147.84,346.32,412.38,10029
79.975,154.18,170.89,340.07,388.01,8819.8
64.814,223.74,208.03,344.34,421.55,9037.5
77.028,122.8,170.77,337.53,415.57,8801.6
111.09,184.7,184.25,310.09,395.62,10396
88.23,149.31,165.47,352.01,398.73,9291
44.511,113.33,179.89,311.61,393.22,7457.9
74.64,159.93,153.47,321.09,355.64,8146
58.041,150.92,180.56,327.42,428,8353.3
112.72,168.46,157.49,332.76,427.71,10701
101.14,161.3,144.35,294.68,393.88,9449.8
88.439,146.84,141.98,349.23,392.07,9093
98.465,168.29,147.49,322.77,415.61,9717.6
63.227,144.65,181.46,299.93,387.28,7974.9
105.27,151.97,184.27,311.4,369.27,9733.7
67.559,147.42,178.97,311.1,422.65,8488.2
34.593,167.29,163.64,341.78,402.96,7649.8
111.66,150.62,168.13,331.55,423.55,10585
52.313,103.77,170.79,326.82,433.36,8003
72.11,161.07,188.78,308.69,380.34,8376.5
72.753,122.03,185.33,299.96,369.02,8081.6
78.782,169.15,169.87,332.71,417.29,9028.6
91.809,154.81,180.31,310.08,433.08,9587.9
62.511,135.07,161.68,307.11,374.81,7749
50.871,195.3,176.17,302.31,423.83,8110.4
57.527,191.22,168.67,305.55,429.12,8303.9
65.902,159.34,189.96,327.69,388.17,8343.3
33.538,142.81,189.03,344.11,406.66,7717.7
96.934,165.9,205.12,352.95,389.34,9898
77.979,171.72,201.59,324.7,390.77,8896.9
76.933,131.3,163.64,303.65,405.34,8495.5
72.456,183.1,178.87,297.93,410.71,8614.6
56.759,163.49,225.87,312.47,405.75,8319.4
101.5,137.94,200.98,313.24,418.93,10007
66.402,195.33,199.7,307.28,439.76,8864
71.718,176.01,178.48,321.52,443.98,8989.2
45.402,127.44,191.73,276.4,418.7,7594.5
104.87,128.09,174.09,309.1,421.02,9996.3
64.323,175.95,158.79,344.13,409.32,8473.4
52.774,135.1,175.95,280.28,420.67,7765.4
108.41,172.98,150.79,326.64,448.3,10579
103.84,170.56,193.04,349.69,405.54,10323
75.332,153.52,178.14,316.76,385.56,8506.9
58.129,171.86,162.96,301.95,372.87,7713.7
48.852,173.51,167.16,334.56,426.93,8154.7
71.981,174.32,235.29,314.61,410.89,8965.4
71.174,182.5,166.4,312.9,415.39,8632.6
77.103,144.85,129.48,292.19,390.23,8173.9
94.033,173.76,186.18,343.1,397.36,9695.3
85.533,157.86,184.16,317.74,423.11,9299.4
44.92,208.52,169.12,295.87,377.6,7543.5
76.696,186.36,155.05,330.38,384.27,8637
97.51,147.63,158.1,367.1,407.37,9850.9
104.9,179.17,179.16,349.9,399.15,10285
88.97,126.68,149.23,337.61,394.13,9023.6
68.986,167.19,119.82,314.09,378.96,7946.6
87.429,159.79,142.75,319.54,396.81,8958.2
88.516,146.08,146.56,320.04,412.01,9107.5
85.101,172.96,155.19,303.81,387.55,8795.3
90.458,165.08,182.1,342.88,415.69,9628.6
73.918,162.53,221.33,351.75,392.16,8988.4
38.589,150.95,177.57,279.87,428.76,7572.1
107.22,158.91,166.57,337.32,416.81,10340
74.881,147.53,180.15,360.52,371.12,8624.9
113.46,120.78,157.28,333.62,424.72,10540
59.512,155.31,157.71,289.41,425.38,8035.7
67.498,159.8,218.93,328.76,400.98,8667.8
92.611,164.18,149.55,336.96,401.71,9397.5
75.698,175.08,178.85,310.17,376.3,8487.1
91.167,175.61,179.01,323.54,399.65,9428.3
75.086,154.77,204.73,345.87,393.74,8892.6
93.018,147.04,159.79,319.06,405.86,9329.7
65.74,129.08,191.49,312.29,402.01,8253.1
89.778,160.9,175.24,329.09,413,9436.8
65.51,166.51,187.45,328.99,369.71,8194.4
101.54,137.41,215.42,307.79,396.94,9860.6
100.32,130.77,184.46,336.99,412.77,9926.3
62.362,168.67,154.29,327.86,390,8092.5
81.514,142.11,183.4,311.34,383.73,8687.9
31.444,168.99,211.1,310.01,431.6,7901.6
73.698,142.18,176.49,313.09,416.04,8631.1
59.6,161.86,180.78,324.28,407.52,8248.1
68.706,128.25,181.83,301.86,424.8,8430.7
71.121,177.19,210.8,314.53,388.95,8628
100.79,165.78,175.55,324.59,386.09,9732
99.499,149.54,197.97,311.46,431.96,10033
83.768,94.312,170.95,347.95,394.87,8856.2
63.96,168.54,205.36,337.12,403.9,8588.5
88.326,169.99,171,329.93,401.26,9288.4
92.218,172.14,144.93,310.19,375.81,8997.8
79.566,111.55,172.3,343.73,410.65,8863.9
107.06,158.85,163.53,283.27,456.61,10321
83.635,181.43,185.95,313.52,394.85,9049.5
24.797,138.13,165.9,307.8,416.74,7309.7
87.101,148.58,150.01,337.96,399.85,9079
84.542,166.39,172.27,336.59,406.29,9199.5
78.533,136.9,175.6,340.78,392.99,8767.4
85.94,172.43,244.37,306.6,397.27,9399.7
68.573,127.12,178.61,328.42,393.96,8305.4
76.619,157.02,168.45,303.78,386.5,8446.5
58.393,173.76,174.23,328.47,386.88,8072.3
32.283,160.2,187.85,345.52,363.46,7396
83.763,162.47,175.73,319.31,442.17,9369.3
53.357,163.36,184,280.31,410.7,7846.5
108.03,153.16,168.68,291.18,407.86,10011
99.221,132.88,146.52,309.07,403.54,9426.7
100.98,170.9,173.05,303.99,402.8,9763.6
88.82,144.07,179.57,327.26,429.26,9479.6
110.08,120.22,197.64,308.04,374.1,9966.4
64.885,149.18,181.3,317.11,373.27,8031.9
70.28,119.29,207.84,308.17,416.06,8553.2
91.504,145.48,142.85,289.61,418.4,9088.4
75.057,181.37,164.99,260.44,378.85,8127.4
94.188,163.5,213.86,328.86,364.06,9435.9
129.44,181.58,144.25,326.24,400.6,11438
61.721,121.25,154.98,327.36,389.91,7890.6
59.644,160.18,229.23,326.75,417.61,8599.7
66.244,126.61,151.21,332.95,402.54,8180.9
76.573,177.15,218.26,341.74,394.53,9088
83.851,178.82,176.24,352.41,427.36,9516.7
90.08,126.63,149.77,300.53,423.43,9097.7
77.016,198.89,172.25,321.4,396.85,8840
104.39,181.18,178.67,311.16,393.69,9976.8
69.971,173.39,195.96,356,423.23,9044.3
55.03,180.18,177.41,306.8,397.33,7971.9
74.541,159.2,177.73,318.79,392.24,8566.1
103.32,189.4,186.16,323.08,431.25,10386
69.85,152.86,175.95,342.44,399.4,8568.3
89.036,157.06,179.43,280.28,430.72,9259.8
98.594,137,123.04,356.24,402.77,9573
97.075,171.55,183.41,346.15,411.48,9959.6
41.925,173.36,167.65,325.67,406.12,7763.9
84.731,147.5,162.82,299.17,424.46,9009.2
79.521,168.63,196.39,297.46,377.81,8639.7
73.874,173.59,156.61,305.91,412.69,8580.1
84.127,170.8,189.24,343.45,365.23,8979
80.582,166.85,139.21,323.57,423.84,8930.6
45.774,160.04,162.73,336.39,378.08,7599.2
53.931,186.21,184.84,350.25,419.65,8463.9
90.42,161.67,147.14,321.48,405.84,9212.8
88.146,140.09,176.68,357.53,390.01,9270.4
79.776,162.87,155.59,329.19,405.95,8850.5
27.879,205.46,203.51,346.92,419.45,8072.3
70.405,134.09,164.95,332.12,441.46,8754.3
56.616,198.19,152.77,338.41,400.01,8174.9
36.762,211.4,149.55,306.83,392.11,7474.4
69.712,163.6,181.65,365.34,431.24,9048.8
97.689,145.42,197.22,317.46,395.5,9648.1
88.967,134.17,124.5,312.98,383.9,8681.8
95.393,153.67,204.85,310.65,414.62,9728.8
87.807,167.35,154.51,322.88,398.89,9104.2
65.496,152.78,164.67,315.13,383.52,8053.8
52.06,145.67,168.72,342.53,389.24,7865.5
110.11,130.7,214.48,325.34,356.25,10051
92.332,112.65,181.9,368.67,398.06,9522.7
87.736,173.22,166.93,338.77,393.7,9243
95.918,138.3,176.24,315.55,385.26,9323.9
79.409,128.36,140.5,291.25,384.74,8207.6
95.167,160.2,200.85,342.25,391.48,9719.5
49.118,159.74,167.5,347.2,386.2,7840.2
110.57,164.47,184.47,306.67,380.3,10138
73.879,159.6,144.23,323.93,385.47,8340.2
86.364,179.56,135.25,306.45,395.87,8858.1
30.502,104.94,139.37,340.33,435.36,7484.1
64.227,149.72,178.48,338.64,419.92,8530.1
129.93,169.04,150.36,370.08,380.68,11555
62.824,178.12,178.44,323.04,401.65,8340.4
49.562,132.29,139.73,337.42,382.81,7510.5
41.305,169.12,169.46,294.38,407.6,7562.9
86.747,169.68,162.02,314.22,392.5,8997.4
80.996,169.82,209.1,308.76,388.39,8931.8
73.868,183.43,166.44,341.02,386.16,8659.7
59.668,197.05,192.75,333.49,401.67,8454.8
65.023,183.72,198.41,284.8,377.46,8094.3
69.861,190.17,182.94,348.95,389.47,8703.5
87.529,146.17,135.58,328.05,402.35,8972.8
61.639,147.66,158.48,332.5,379.78,7952.7
89.928,153.06,169.83,303.29,384.04,8977.6
63.494,139.93,160,308.2,369.77,7753.9
41.081,93.764,186.17,301.25,406.15,7387.9
69.319,176.67,182.7,352.54,406.51,8799.5
88.822,151.24,155.65,285.58,372.87,8640.5
114.36,132.02,185.47,323.04,415.94,10642
72.881,153.44,187.93,315,406.58,8634.9
107.17,172.09,162.34,315.85,431.14,10355
40.265,165.81,207.09,321.86,405.68,7880.6
97.749,207.39,194.73,309.79,401.65,9880.3
63.222,159.38,123.79,300.59,413.23,7953.7
87.549,131.34,185.47,325.81,423.37,9345.6
81.737,139.46,156.03,295.76,406.52,8641.4
95.232,150.27,168,310.15,355.54,9005.3
51.159,150.45,181.6,303.98,376.15,7577.2
54.44,175.81,180.56,324.62,417.84,8241.3
95.478,146.08,138.76,291.15,420.36,9284.2
87.398,130.03,166.1,320.28,404,9031.9
76.28,141.79,197.83,311.17,381.69,8534.4
36.569,132.5,232.38,309.14,432.54,7965.1
66.675,180.51,162.35,306.76,408.94,8353
80.893,173.67,164.22,333.29,386.91,8845.3
94.792,173.02,180.97,299.52,367.05,9172.1
65.014,161.75,142.65,332.34,435.23,8505.4
67.727,156.12,153.26,320.39,383.1,8111.1
99.164,175.25,179.64,315.72,435.61,10076
32.458,166.52,188.8,322.57,429.17,7848.2
61.195,160.43,203.29,302.9,427.87,8451.7
40.63,154.37,204.62,333.13,401.42,7864.7
82.945,140.21,143.49,278.01,414.18,8584.4
37.404,167.4,136.92,332.12,407.28,7538.1
81.025,151.19,201.03,339.25,375.7,8899.5
66.669,167.83,166.84,344.08,375.21,8270.5
88.52,174.3,181.98,326.79,373.18,9111.6
112.33,156.23,148.3,300.93,371.32,9903.8
58.021,171.93,167.86,325.6,418.42,8272.9
63.614,174.98,170.88,315.42,408.43,8324.8
73.923,147.06,210.3,322.63,401.99,8775
69.114,128.45,200.92,301.5,403.9,8365.2
78.739,183.15,169.48,304.51,389.71,8667.7
80.425,155.17,144.01,343.23,391.52,8750
130.27,158.84,169.45,323.41,406.15,11568
89.002,214.06,134.16,300.46,387.23,8990.9
83.995,151.31,186.52,292.56,425.67,9086.4
83.095,166.05,149.06,309.17,404.96,8833.1
61.56,176.2,161.49,305.14,411.3,8175.4
58.839,179.42,143.13,306.31,444.05,8295.4
59.808,149.41,180.57,329.06,462.74,8707.8
106.81,148.56,188.65,351.32,400.5,10341
26.814,152.74,147.62,333.84,399.26,7307.6
99.482,137.95,198.87,297.33,433.15,9915.5
81.313,184.09,144.94,339.66,389.11,8859.3
45.401,185.53,183.35,318.32,406.3,7926.2
67.44,130.7,130.63,285.75,391.72,7743.9
91.605,156.96,177.57,312.12,408.07,9370.9
94.574,143.58,148.28,332.98,388.07,9263.9
31.281,164.31,187.27,336.31,409.28,7727.6
75.901,161.73,215.21,322.58,394.18,8865.3
106.65,183.34,210.46,341.79,413.2,10630
106.61,155.69,168.69,304.78,437.77,10283
126.64,180.42,162.44,296.47,382.68,11009
78.756,132.27,142.35,290.11,410.93,8423.2
34.924,169.44,183.61,299.55,381.76,7326
65.46,145.83,192.47,318.62,383.73,8195.8
88.098,179.64,138.7,346.78,380.01,9067.6
36.912,160.72,198.4,347.2,393.31,7800.8
91.971,156.56,170.75,345.66,406.52,9545.1
97.657,169.39,161.29,333.13,398.31,9670.3
51.954,163.43,174.61,310.66,404,7890.5
59.846,198.92,141.43,289.43,423.5,8111
61.519,145.79,161.43,340.37,404.01,8213.4
87.946,120.28,137.52,326.19,362.23,8547.7
117.27,165.85,202.07,284.58,412.65,10764
87.803,183.09,167.49,293.02,386.53,8942
66.56,152.39,170.31,326.93,445.47,8720.9
60.078,145.2,211.42,373.18,386.21,8480.8
37.556,169.52,160.05,320,399.44,7528.7
84.297,131.81,179.72,312.89,370.39,8641.9
74.592,137.3,234.62,322.67,399.47,8869.7
72.749,156.7,200.2,292.64,385.48,8388
98.73,168.98,170.73,349.9,399.44,9885.6
97.394,159.09,212.18,338.94,415.15,10066
59.671,149.95,182.81,327.66,371.72,7929.9
83.343,166.55,137.85,297.56,432.07,8946.5
66.185,135.51,167.24,347.71,410.49,8456.9
30.526,147.64,141.51,308.85,361.82,6834.8
91.534,180.64,192.43,342.51,427.54,9891.3
60.532,148.52,145.8,280.53,381.98,7551.7
50.115,160.27,166.93,330.73,382.02,7726.6
84.66,163.24,140.5,280.68,352.76,8220.7
63.868,160.91,185.45,300.83,392.65,8130.4
30.099,196.41,158.31,329.45,368.03,7284.1
67.264,179.21,149.44,332.04,376.85,8182
91.085,169.47,172.18,359.11,367.95,9314.1
88.761,196.37,181.26,336.42,397.65,9472.2
95.983,121.61,151.12,298.84,377.6,8961.8
127.58,195.32,161.82,330.85,366.97,11202
62.804,153.05,181.15,346.78,414.43,8514.4
77.144,185.12,170.92,335.31,444.05,9275.4
53.106,153.29,154.3,288.83,422.22,7796.2
67.913,123.59,153.36,342.21,415.05,8402.1
79.912,126.03,163.89,301.51,429.51,8788.9
63.714,176.94,210.2,349.57,414.53,8806.1
50.607,207.73,147.15,307.28,401.19,7835.3
93.163,164.87,157.98,300.83,370.14,8976.7
69.591,153.14,171.83,313.65,412.05,8468.3
74.622,146.9,168.98,355.88,402.89,8797
99.739,151.21,160.11,350.74,414.32,9944.9
64.948,187.91,169.83,320.23,400.48,8374
74.316,165.08,144.86,333.09,350.18,8135.8
77.201,135.67,184.32,300.51,419.67,8734.8
62.874,139.45,180.46,314,390.53,8053.5
65.962,176.86,164.47,319.25,389.08,8233.6
73.868,142.68,185.55,327.15,419.24,8801.5
82.853,165.99,178.75,353.96,398.88,9204.4
70.041,165.01,166.4,293.94,389.09,8182.6
65.907,168.97,185.89,317.27,406.4,8450.2
58.938,157.1,168.38,336.09,419.59,8321.1
66.086,118.82,176.04,346.05,424.82,8548.3
90.666,179.89,155.3,295.35,411.13,9220.2
74.337,134.37,189.52,350.46,406.98,8847.8
83.413,161.75,159.98,322.05,419.41,9091
53.675,179.09,201.02,319.81,399.13,8150.7
106.21,169.06,184.06,318.49,384.47,10023
68.126,167.88,155.59,320.98,386.15,8211.7
49.533,193.22,192.94,317.31,425.51,8263.8
79.294,169.02,183.74,327.93,401.81,8959.5
77.329,144.04,199.39,315.39,400.66,8780.6
55.125,159.81,206.12,298.37,416.6,8160.5
46.947,170.36,206.91,324.21,377.39,7817.5
113.48,137.21,160.7,330.77,409.37,10473
75.954,164.45,183.91,318.09,407.08,8795.4
69.815,148.28,164.09,323.27,380.42,8205.9
62.959,156.64,182.24,317.34,401.48,8245.7
64.396,127.36,162.15,309.24,431.42,8280.4
98.966,169.81,200.32,323.33,389.64,9807.8
95.496,144.98,158.45,332.95,389.37,9378.4
55.778,142.71,161.45,292.96,386.02,7583
88.572,204.4,162.49,334.13,438.73,9733
77.227,151.23,179.15,325.96,384.34,8623.5
79.934,146.77,151.84,324.09,420.32,8867
90.051,159.19,189.45,344.17,398.59,9487.7
70.707,174.03,174.59,360.67,374.45,8572.1
46.346,136.94,177.67,320.4,396.55,7661.9
97.121,155.97,185.55,355.63,425.73,10094
67.366,205.55,195.08,326.46,379.28,8512.8
113.15,156.82,172.39,322.23,406.25,10510
123.8,187.42,173.09,354.84,394.18,11371
55.264,149.63,162.08,319.01,400.1,7880.2
94.825,144.42,195.67,315.22,412.23,9625.4
115.99,162,185.25,307.12,406.38,10671
61.075,155.57,159.98,323.51,383.12,7946.2
95.471,164.67,147.96,280.67,370.08,8908.2
58.043,158.92,182.78,296.33,364.06,7655.9
67.144,123.44,169.76,297.45,410.82,8147.9
64.202,160.54,154.6,357.88,403.33,8422.2
71.771,131.43,181.88,298.74,377.13,8125.2
62.775,145.25,161.76,356.32,415.08,8446.3
105.9,103.17,168.99,318.49,394.78,9762.8
112.01,148.34,157.83,328.26,375.51,10111
111.57,180.26,223.48,333.2,405.81,10843
103.44,161.98,174.36,301.89,385.35,9701.9
76.784,172.99,195.21,307.93,391.65,8724.8
59.081,133.06,180.88,315.38,429.45,8255.3
68.546,177.42,164.07,331.06,427.25,8721.6
73.678,163.71,119.73,311.77,405.71,8317.3
79.864,193.9,181.88,321.58,412.44,9119.7
50.542,149.38,185.14,316.75,351.5,7443.9
92.67,130.56,148.38,330.51,396.45,9180.5
61.27,126.14,161.76,275.91,408.94,7775
75.984,131.87,170.64,383,406.2,8996.6
85.886,192.81,182.84,321.82,403.05,9295.1
84.229,181.54,181.05,346.12,399.24,9289
94.847,148.29,192.59,297.06,392.03,9339.8
66.981,196.85,153.6,295.7,407.1,8295.5
52.317,137.21,184.56,327.53,429.56,8175.4
85.512,189.16,191.48,355.65,404.23,9530.1
33.988,145.63,169.51,325.59,391.76,7391.1
88.65,164.27,215.45,294.93,401.69,9301.9
69.962,185.63,186.01,338.48,399.2,8724.4
96.637,191.02,160.3,302.76,403,9549.5
63.17,184.88,169.03,298.55,403.23,8189.5
61.136,128.57,183.06,309.82,409.43,8106.7
102.02,158.2,161.49,328.54,419.97,10007
86.305,158.31,173.3,300.41,398.74,8961.7
76.705,171.75,191.12,326.1,384.61,8747.8
48.607,161.06,170.29,324.77,352.3,7418.3
90.519,165.65,172.87,313.32,413.96,9387
82.16,144.18,175.01,301.66,385.26,8631.7
109.51,120.11,149.25,377,403.51,10358
85.839,187.53,134.2,358.41,423.69,9420.1
55.681,153.47,183.9,303.52,388.15,7823.4
66.706,156.05,161.16,334.15,403.5,8377.3
106.42,143.38,194.99,332.88,414.97,10344
75.652,157.43,146.86,346.14,397.56,8654.2
85.827,174.72,169.53,325.07,392.43,9082.6
102.03,140.15,201.97,343.38,432.36,10349
83.55,189.38,173.51,318.31,392.65,9021.6
87.061,150.49,173.54,316.33,397.07,9050.7
33.103,154.23,139.07,328.35,416.99,7481.8
62.983,173.61,183.71,321.88,438.23,8661.7
93.686,158.51,189.42,335.2,436.73,9925.4
48.512,174.39,179.03,302.72,366.87,7501
58.938,157.15,183.3,335.7,394.9,8186.2
72.726,173.27,192.14,346.74,361.86,8541.1
52.323,165.14,196.74,302.9,395.47,7902.2
68.03,157.75,165.3,337.45,369.13,8177.3
119.8,130.66,195.85,345.81,398.05,11003
81.319,149.78,191.17,328.32,406.36,9048.9
95.526,157.38,199.88,321.13,416.03,9800.2
79.161,169.92,178.55,333.92,392.76,8890
102.6,152.1,182.45,297.88,430.38,10023
95.241,152.89,156.24,313.72,409.51,9437.9
86.525,173.27,163.24,322.49,398.03,9106.3
64.686,176.64,182.29,314.52,393.19,8290.1
76.97,144.63,156.08,320.15,393.29,8507.3
71.465,168.51,211.43,304.57,440.64,8991.1
80.37,145.02,188.34,329.81,390.21,8848
80.204,129.19,121.24,327.97,378.89,8319.1
90.825,171.76,196.05,335.12,417.65,9713.1
71.752,205.99,180.36,329.97,429.11,9040.1
55.752,222.51,149.35,351.44,429.44,8557.9
63.605,117.95,155.67,324.96,411.24,8109.3
84.158,149.32,173.55,359.03,410.51,9299.5
73.15,159.55,194.77,314.98,419.02,8810.5
60.774,144.3,158.03,283.66,431.4,8049.7
103.46,144.84,185.79,349.93,383.66,9980.3
57.113,150.5,195.17,327.6,398.19,8147.3
100.58,136.24,152.85,322.01,409.32,9671.4
84.116,139.43,166.22,316.3,405.49,8913.6
80.739,163.75,159.17,333.36,423.47,9087.8
73.403,151.96,185.32,304.33,437.87,8836.5
61.098,159.62,158.39,312.23,398.27,8013.8
98.924,150.58,174.09,318.25,426.61,9879
35.539,170.96,176.39,291.15,402.13,7427.1
76.025,158.59,187.65,321.93,415.96,8895.2
113.49,173.69,172.24,306.83,440.02,10787
69.58,181.08,192.64,335.75,409.68,8801
65.673,175.23,172.36,322.03,400.85,8377.2
68.098,134.26,166.02,347.49,443.42,8791.3
76.723,172.39,183.82,287.05,405.46,8649
58.501,125.89,160.11,356.76,403.44,8134.9
55.104,174.12,185.04,315.15,413.22,8178.7
71.616,132.52,148.48,318.76,381.5,8109.4
66.603,160.26,177.79,288.9,408.08,8236.3
75.612,172.62,192.64,294.1,414.8,8776.9
80.852,186.35,178.7,306.18,358.76,8559.6
56.262,133.91,178,293.47,372.29,7536
80.523,198.99,156.63,288.26,353.04,8318.3
59.048,170.47,171.15,322.07,415.7,8270
108.16,118.87,165.76,306.35,387.32,9789.6
23.769,131.86,199.87,335.98,403.43,7512.7
92.468,130.47,171.51,313.83,417.19,9366.6
108.52,140.89,197.45,322.8,428.26,10513
98.152,139.66,214.79,291.54,406.02,9671.1
110.62,127.7,167.78,313.53,404.87,10165
89.748,153.21,183.93,367.07,434.02,9867
113.73,170.59,160.35,329.37,415.72,10658
99.165,175,162.2,294.63,373.09,9317.6
66.11,169.75,207.11,319.64,420.83,8709.9
51.954,187.13,176.38,347.6,414.85,8312.1
64.059,138.81,126.53,319.22,398.41,7905
69.299,178.27,174.51,336.02,417.43,8753
83.222,140.64,186.76,312.72,371.23,8673.1
97.914,210.28,158.07,321.96,427.29,10001
33.01,118.95,169.61,343.51,472.33,8073.4
144.69,180.4,188.16,309.66,364.28,12313
75.516,162.88,176.81,356.25,403.86,8944
111.03,175.25,191.65,292.25,418.13,10478
91.288,144.55,182.77,331.1,413.06,9496.3
92.663,183.6,176.45,332.96,401.75,9591.6
98.164,146.67,196.77,296.22,420.01,9752.5
74.664,165.6,167.61,318.97,408.14,8679.2
95.699,177.66,182.12,347.83,409.35,9901
103.06,198.81,150.13,298.04,427.64,10033
74.391,169.13,207.47,308.27,381.2,8595.4
79.448,163.09,185.69,332.17,371.74,8722.3
73.307,154.13,125.8,294.13,417.66,8291.8
54.556,164.23,138,327.78,419.95,8013.8
101.42,150.06,154.28,338.01,400.59,9799.5
78.76,184.84,212.93,303.33,391.3,8910
79.332,173.18,202.82,333.48,392.57,9032.8
98.507,171.31,171.38,334.03,405.75,9842.3
115.67,153.91,201.25,346.41,390.39,10812
91.776,177.93,208.98,294.52,384.68,9315.3
80.92,109.7,142.86,283.83,416.16,8433.1
64.386,221.9,191.73,338.65,398.19,8695.3
71.023,176.18,199.43,352.12,430.27,9147.2
100.39,158.64,174.22,303.24,398.72,9653.2
85.762,130.08,166.23,313.1,403.49,8912
70.725,152.4,147.41,297.4,374.48,7955.2
84.003,168.19,135.62,298.14,393.81,8645.3
88.911,163.53,192.75,293.35,387.82,9062.8
49.322,161.03,157.74,337.55,366.22,7568.1
79.244,113.97,155.77,319.97,409.85,8619.1
84.499,122.42,184.64,338.33,384.84,8921.7
98.793,147.4,157.05,325.53,415.26,9718.4
87.221,165.38,187.13,315.13,415.87,9339.7
90.563,126.55,162.66,341.35,393.97,9188.3
64.685,153.79,194.17,295.36,417.85,8357.4
94.277,169.81,161.16,298.02,420.56,9479.3
86.131,161.71,178.55,330.14,409.18,9268.2
102.58,173.01,176.59,342.08,441.17,10437
82.828,179.82,151.96,345.63,389.67,8984.9
70.516,173.45,166.26,276.07,360.04,7871.8
48.609,170.57,164.36,314.67,379.05,7589.8
116.81,154.1,157.91,327.02,368.68,10346
66.644,161.22,218.44,327.86,408.08,8696.8
93.83,180.88,163.58,329.08,366.11,9239.6
87.477,135.49,171.38,325.93,383.86,8946.7
104.24,148.38,161.56,335.79,429.09,10209
81.267,137.16,196.54,305.85,359.2,8484.1
56.788,191.38,217.81,326.12,403.46,8449.6
40.354,121.61,190.44,316.4,385.22,7416.7
66.644,149.28,172.17,298.78,405.9,8208.6
83.375,176.4,164.27,354.82,394.6,9158.8
88.777,149.6,210.45,311.65,420.93,9493.4
70.109,178.9,197.57,318.28,394.55,8599.8
65.811,155.17,165.73,282.32,395.86,7981.4
83.648,143.42,161.31,308.94,400.7,8796.5
60.453,133.14,207.02,309.97,412.85,8259.3
53.066,200.46,174.96,345.96,417.65,8399.2
77.384,165.73,161.77,323.98,419.42,8881.5
66.366,147.25,170.49,337.51,380.94,8209
55.592,153.08,169.23,336.04,424.05,8250.7
55.268,119.35,141.94,296.57,374.58,7301.1
75.729,150.53,208.31,337.04,400.99,8927.2
51.669,162.44,182,330.91,393.85,7956.7
56.624,191.93,163.28,322.53,416.02,8245.1
78.109,143.11,208.95,263.38,411.36,8627.6
109.03,156.36,172.4,308.71,452.36,10587
111.46,158.46,169.45,304.51,433.66,10530
43.984,141.05,165.61,298.85,376.02,7250.6
92.343,157.7,164.6,316.25,399.29,9290.4
57.727,154.74,156.79,338.52,411.76,8163.2
70.302,166.08,156.97,308.86,388.55,8234.1
81.885,160.27,132.38,301.13,391.33,8506.1
73.059,148.43,188.44,348.7,422.58,8970.7
85.645,181.78,199.48,333.21,443.24,9744.5
72.273,166.43,165.26,308.33,381.05,8283
61.643,132.33,168.47,306.84,434.07,8252.4
88.591,118.73,199.19,310.45,368.55,8852
88.659,184.76,180.86,330.06,384.85,9272.2
74.434,157.1,169.94,336.94,385.38,8566.7
70.822,149.8,183.44,347.93,438.66,9000.6
121.27,138.16,159.49,362.21,409.38,11129
66.005,188.44,142.29,311.92,381.93,8056
100.94,200.05,190.27,352.91,434.21,10536
92.117,148.53,193.74,328.52,378.12,9293
65.885,190.42,150.68,328.39,385.62,8237.3
89.262,138.59,148.5,326.25,383.01,8913
104.92,170.05,167.64,314.38,359.77,9633.9
77.338,204.8,181.2,300.21,408.53,8891
92.789,131.51,185.78,351.47,406.3,9600.7
71.277,137.96,176.23,300.49,394.59,8262.8
68.853,158.17,184.5,312.81,402.99,8445.6
41.741,180.1,154.05,315.75,405.08,7643.8
96.261,142.42,175.33,309.33,378.81,9257.9
76.799,155.59,173.92,300.08,390.78,8490.6
84.521,173.67,169.11,363.21,380.29,9152.2
49.54,193.32,155.38,317.67,380.81,7686.4
53.034,142.99,171.36,312.26,419.65,7967.9
68.812,185.68,157.58,289.02,407.69,8300.6
105.15,154.29,200.59,316.53,388.31,10017
51.676,181.53,147.69,314.8,385.24,7675.9
61.398,153.23,177.76,326.55,383.88,8066.2
84.68,169.92,171.84,316.87,376.26,8837.5
84.044,193.56,190.42,319.21,413.58,9332.4
81.426,171.13,177.34,321.82,434.76,9265
80.132,172.5,191.03,349.35,398.28,9147.6
90.693,160.53,164.67,319.48,414.16,9372.1
61.943,192.25,214.14,306.38,394.28,8388.2
87.206,167.58,203.71,320.13,434.85,9628.1
60.107,160.84,181.53,301.41,402.77,8081.2
72.016,177.08,186.17,360.36,422.35,9100.2
79.708,119.06,172.03,305.55,451.48,9009.8
79.172,167.01,183.03,319.27,363.3,8560.1
121.27,166.66,158.17,316.87,434.84,11168
80.802,162.89,167.71,289.75,386.7,8547.2
59.446,160.65,178.02,317.81,416.81,8263.7
70.294,164.06,156.63,301.08,395.4,8234.7
94.789,163.21,180.99,306.78,387.16,9351.5
89.53,168.46,147.06,290.27,422.76,9149.2
76.983,155.8,182.68,319.38,405.98,8794.4
87.34,125.38,175.07,320.83,409.97,9113.3
83.938,133.18,177.52,300.73,394.13,8747.9
79.765,179.12,184.48,327.19,371.79,8759.6
79.879,183.67,130.55,331.28,350.12,8337.7
71.187,167.48,139.12,337.49,405.78,8502.1
97.594,169.33,165.45,328.42,401.11,9683.6
38.09,166.23,181.83,330.49,403.89,7744
75.086,103.01,207.13,302.3,386.47,8375.1
94.978,147.32,153.89,335.02,396.22,9409.6
54.115,193.6,168.36,305.44,373.23,7735.6
70.746,191.62,187.89,300.14,397.31,8531.5
95.554,191.72,172.06,304.53,407.56,9611.2
53.913,177.57,155.03,308.63,359.92,7504.4
57.663,164.55,199.81,344.79,367.83,8088.3
70.105,158.98,174.46,326.15,405.3,8542.4
66.68,154.15,160.28,307.3,421.02,8348.1
52.3,151.62,150.06,335.09,378.77,7660.7
42.061,132.19,186.17,366.25,389.47,7815.7
94.804,192.87,200.18,355.35,388.99,9883.3
99.295,154.05,143.73,314.17,408.94,9574.6
115.91,177.92,180.04,342.18,390.78,10783
50.166,144.79,149.99,342.15,398.7,7792.9
52.687,154.82,157.09,315.05,431.3,8045.6
108.73,143.61,166.94,330.48,403.92,10213
66.876,180.52,145.11,374.84,394.05,8563.4
85.945,144.4,153.44,345.32,402.34,9097.1
82.384,161.78,189.32,357.97,415.44,9390.8
91.927,185.05,193.55,297.58,396.01,9384.2
43.593,171.31,214.53,354.64,420.78,8344
57.957,143.75,178.52,318.86,419.67,8188.3
105.03,153.91,173.27,344.51,411.76,10239
42.444,142.2,159.05,293.91,397.74,7341.9
80.305,188.29,189.53,345.92,385.78,9079
84.286,193.34,161.23,335.69,428.15,9414.9
55.827,169.35,155.82,311.7,387.61,7786.4
67.066,152.7,157.28,308.49,412,8270
112.47,126.93,169.08,328.76,411.65,10426
97.468,161.9,138.36,335.57,420.3,9714.9
66.078,152.52,162.59,318.19,381.99,8067.1
102.39,133.81,166.8,349.26,409.58,9999.9
69.996,150.25,182.86,340.49,416.53,8734.3
113.84,138.07,171,279.26,410.08,10238
92.905,160.87,139.52,278.53,439.59,9308
51.452,178.72,171.18,319.98,388.77,7845.3
89.447,155.87,152.44,315.09,401.17,9094.5
74.792,168.45,183.16,269.07,385.05,8270.1
75.175,169.07,189.08,332.9,393.58,8786.6
107.72,142.24,144.02,330.51,421.68,10184
97.839,170.07,193.05,324.92,434.25,10106
105.83,161.09,191.12,344.82,432.88,10586
74.791,185.44,197.62,342,426.62,9218.7
75.316,172.1,197.57,312.38,374.76,8560.2
91.326,163.36,184.17,321.34,383.84,9267
87.647,178.66,180.86,317.16,400.68,9259
72.792,130.29,180.31,343.81,402.75,8648.6
65.758,173,200.04,331.12,411.85,8667.6
82.19,147.15,177.53,345.21,400.36,9056.5
92.319,157.89,187.1,308.67,376.65,9167.8
26.661,174.45,182.01,336.83,413.47,7709.8
40.408,161.32,215.2,341.07,398.38,7965.6
67.773,151.52,180.16,325.49,382.83,8266
68.061,153.24,197.68,342.89,407.85,8696.6
51.206,164.17,191.14,317.58,374.21,7748.8
61.558,175.51,173.33,329.63,408.04,8358.9
93.276,179.16,183.99,333.18,409.2,9708.3
53.635,178.54,196.66,328.5,396.52,8156
65.691,126.46,175.39,334.31,421.6,8460.6
74.934,149.07,210.72,357.39,451.52,9462.4
57.97,132.32,178.16,329.75,415.85,8177.8
67.279,155,168.32,280.43,384.35,7933.8
78.965,150.47,192.36,334.02,407.78,9009.5
90.522,202.1,169.5,377.29,440.36,10131
103.99,118.01,162.96,294.09,405.75,9628.6
55.438,149.96,205.65,295.95,362.94,7654.9
61.934,153.8,189.06,324.09,394.17,8217.4
82.461,135.37,181.06,343.28,401.11,9035.9
102.34,152.2,196.08,293.49,402.48,9815.5
89.466,137.25,143.91,309.26,396.12,8899.9
105.91,138.14,196.59,316.2,388.59,9975.4
70.222,203.8,161.89,353.26,403.32,8803
67.054,173.91,177.27,319.83,411.61,8522.9
67.611,203.4,176.84,338.48,422.78,8863.7
58.051,189.93,195.35,306.01,408.12,8277.9
58.449,184.87,174.21,340.63,402.77,8327.7
83.16,148.83,165.17,317.69,452.22,9312
95.752,170.9,186.26,371.74,411.09,10062
91.249,146.33,174.38,299.92,412.94,9263
63.568,187.68,195.22,320.23,394.05,8406.8
48.833,176.93,192.7,319.54,445.5,8367.7
89.976,171.74,175.25,337.68,386.01,9309.7
75.545,138.36,149.03,283.21,434.76,8517
35.094,208.38,190.73,277.42,399.64,7531.5
96.05,144.77,191.4,299.93,403.58,9495
109.4,166.98,200.66,322.99,387.31,10329
88.291,160.28,219.28,304.49,403.6,9366.3
47.009,193.16,188.57,351.23,396.24,8138.4
86.972,186.35,168.64,333.51,372.15,9051.4
71.432,156.66,160.14,288.66,407.54,8292.8
82.578,172.16,195.01,303.34,407.01,9058.1
80.589,184.18,194.09,305.24,363.6,8657.1
60.591,179.82,174.61,317.36,386.97,8095.9
64.495,168.84,190.61,332.2,405.29,8510.9
101.99,155.39,174.43,301.15,405.72,9770.8
74.476,137.84,186.37,327.26,444.61,9028.1
88.357,169.98,171.08,298.79,376.74,8887.4
84.63,191.21,182.66,341.54,391.29,9255.2
84.111,153.64,158.21,337.17,395.67,8970.9
10.326,199.59,168.52,329.62,392.03,7353.5
80.828,153.7,173.48,312.53,378.46,8614.1
67.97,165.3,170.7,355.01,466.22,9172.1
61.762,140.92,152.76,301.23,399.19,7873
84.777,162.39,147.45,353.5,421.57,9299.1
56.948,154.2,164.61,320.34,388.16,7865.1
62.608,162.95,168.44,321.57,394.18,8149.8
74.53,163.63,161.1,350.58,414.18,8879.7
19.972,145.31,188.22,341.17,371.72,7221.4
114.47,158.33,143.36,312.74,387.96,10225
110.38,113.36,157.9,329.7,417.06,10249
43.601,187.75,145.32,303.18,394.29,7497.2
95.173,170.67,174.87,339.95,390.17,9597.6
110.42,161.08,136.28,302.72,380.93,9844
53.945,172.97,149.52,321.61,398.99,7873.5
61.39,161.43,160.08,360.24,369.97,8094
83.099,148.71,170.39,285.45,419.12,8853.4
82.074,182.05,187.75,304.99,375.99,8781.5
66.882,170.01,151.67,316.5,355.85,7869.7
56.985,169.05,191.83,350.69,410.31,8443.8
85.108,138.71,133.41,342.4,412.77,9004.8
86.869,172.83,165.61,345.08,421.59,9473.9
71.527,146.28,173.71,335.6,425.56,8773
98.237,119.6,180.92,257.48,368.12,8884.9
59.871,160.08,173.56,319.06,423.21,8313.4
80.008,177.58,173.18,302.51,376.74,8593.6
102.63,150.46,184.88,321.48,390.58,9836.9
87.183,141.55,194,348.34,439.58,9691.6
91.684,178.71,191.24,300.55,399.12,9381.5
86.318,135.27,170.1,292.02,396.05,8782.2
82.324,166.18,189.05,342.11,397.03,9147.9
97.647,180.79,171.49,323.93,420.54,9900.3
76.177,143.97,164.14,308.17,378.87,8318.8
103.32,115.58,172.84,324.33,405.84,9824.4
73.096,127.24,163.39,300.14,415.9,8401.1
69.339,169.1,173.44,309.93,386.16,8284.4
48.579,142.45,161.99,319.31,410.19,7764.2
82.367,177.07,175.77,343.01,397.73,9133
71.495,176.19,181.5,324.51,392.1,8572.3
74.36,140.79,170.74,325.69,434.86,8859.5
68.322,150.34,179.49,324.68,401.73,8433.5
79.807,116.32,202.23,334.53,392.77,8839.5
63.877,144.73,139.67,316.43,426.47,8213.8
44.88,122.68,174.26,293.44,395.53,7379.6
61.857,168.18,165.75,324.16,410.32,8286
86.019,169.27,168.64,270.01,406.8,8847.2
58.139,170.27,147.05,343.02,382.69,7962.7
63.852,167.48,223.78,301.86,438.93,8759.2
87.808,140.49,190.74,326.25,391.71,9151.7
68.423,116.28,171.41,332.71,407.06,8359.5
70.621,181.42,166.48,334.49,377.33,8417.1
73.524,165.14,189.84,322.43,408.7,8777.7
103.81,185.16,163,326.52,433.87,10318
81.048,159.81,204.42,340.26,387.8,9061.1
77.637,135.66,169.57,340.4,374.61,8535.8
98.909,151.13,160.19,306.27,357.02,9137.4
75.588,135.08,139.67,321.51,389.25,8304.7
69.214,161.75,178.2,314.3,395.57,8384.5
69.244,153.8,155.22,294.29,378.01,7960
88.59,159.27,193.57,346.28,385.57,9345.1
55.474,120.27,170.35,336.07,432.84,8203.2
79.148,149.44,179.37,304.44,403.42,8724.1
75.868,133.27,167.74,331.28,431.31,8876.7
89.059,199.75,160.27,325.49,398.04,9323.7
80.641,136.66,172.61,315.03,393.73,8682.7
69.945,153.76,174.95,348.7,393.61,8559
77.447,124.74,178.66,323.31,388.01,8543
85.295,153.16,169.09,298.02,419.87,9041.8
58.283,161.41,177.25,336.63,416.98,8345.8
49.234,186.13,186.75,301.77,380.85,7718.2
69,147.96,194.94,342.91,405.95,8678.4
99.008,161.45,202.49,347.09,375.01,9811.4
95.036,166.85,170.17,339.19,392.12,9563.7
65.732,170.99,172.55,323.62,425.51,8584.7
67.201,164.21,190.81,297.26,403.68,8354.5
74.013,168.71,180.24,322.23,384.36,8549.7
96.856,190.36,185.06,339.28,402.54,9910.4
69.315,162.93,142.32,356.3,420.98,8681.3
39.254,131.72,186.79,318.25,400.89,7559.6
44.075,161.78,178.54,334.89,370.75,7578.3
98.881,136.97,176.03,353.25,429.32,10075
85.671,181.35,150.68,338.84,420.62,9328.5
56.049,162.06,234.5,341.72,427.55,8706.8
90.245,134.96,135.08,319.94,380.3,8811
47.368,156.26,183.8,368.7,391.93,8052
79.449,213.66,153.09,326.91,395.96,8918.9
105.09,161.49,201.34,330.22,417.37,10379
42.607,143.83,147.11,290.03,420.58,7460.3
99.374,156.29,154.07,343.45,439.66,10086
92.259,141.97,165.38,336.31,402.83,9384.9
99.01,138.63,206.87,315.6,386.66,9651.9
53.002,177.04,167.74,315.89,393.65,7878.2
55.828,144.35,172.28,366.96,393.66,8171.5
94.25,139.47,193.01,340.34,416.48,9757
85.324,121.01,171.81,334.19,363.72,8677.9
68.803,184.18,175.47,349.96,394.46,8653.1
103.45,162.5,188.94,291.49,370.61,9590.1
87.764,151.66,136.62,312.15,394.1,8840.7
59.694,133.1,179.4,328.63,384.76,7965.8
105.22,148.97,133.37,322.1,418.53,9939.7
37.901,198.39,168.69,304.42,407.46,7663.4
66.283,179,202.52,330.76,401.42,8629.7
41.96,143.19,175.22,279.86,379.5,7177.5
80.683,133.41,158.65,327.91,405.49,8779
80.036,210.17,188.78,307.42,402.54,9052.8
101.81,196.96,189.07,305.36,415.86,10111
89.436,170.13,173.64,317.06,403.56,9292.9
65.043,171.58,173.71,349.45,417.11,8658.4
82.288,186.98,192.91,328.72,382.5,9039.2
105.41,156.52,167.42,322.25,423.86,10204
80.036,135.4,168.9,304.77,395.85,8588.3
51.406,166.59,167.56,303.15,389.38,7679.5
104.11,134.18,184.92,325.15,376.58,9755.3
78.396,139.82,192.24,333.14,399.08,8865.5
56.884,148.29,164.36,328.84,427.58,8229.2
93.414,149.85,135.41,306.24,408.9,9177.4
55.381,159.05,205.54,355.59,405.2,8418.7
114.55,171.06,189.58,333.25,391.23,10676
81.655,169.98,199.54,267.88,383.68,8615.8
106.54,172.78,179.32,332.54,426.26,10474
57.802,167.75,135.46,324.38,403.54,7945
103.89,143.8,186.17,341.59,386.76,9976
84.071,160.18,171.13,311.2,387.69,8833.1
53.148,149.47,155.33,320.65,434.24,8088.1
71.366,179.46,184.96,349.84,401.4,8834.8
75.48,155.99,149.32,364.1,371.71,8545.1
74.967,151.5,176.31,291.71,417.8,8596.3
76.655,154.37,204.48,335.72,437.45,9261.4
105.03,147.72,169.42,347.68,392.81,10053
75.987,149.77,183.49,344.09,388.8,8743
67.07,179.09,210.51,341.52,372.84,8520.9
76.128,165.73,176.29,310.56,364.84,8358.8
102.78,181.34,189.88,313.72,374.06,9799.7
89.754,141.16,169.76,347.74,421.63,9520.6
70.68,166.81,160.91,305.23,397.39,8324.4
50.662,198.62,185.3,305.69,401.38,7994.6
97.631,155.52,169.96,337.87,432.39,9982.6
95.714,161.99,185.85,322.1,392.16,9555
63.797,142.75,157.06,321.85,368.33,7831.2
74.882,127.53,169.16,302.39,404.58,8416.7
97.896,124.05,159.12,305.96,391.9,9274.1
73.507,139.74,169.41,342.38,404.54,8660.4
67.128,165.54,186.13,284.49,397.88,8203.6
119.08,160.35,178.42,354.56,376.35,10850
95.386,152.73,179.95,334.21,397.19,9590.6
64.266,172.57,172.19,323.89,414,8443.7
96.395,153.97,154.43,330.52,428.92,9758.7
64.601,169.59,204.32,320.1,408.44,8541.3
75.253,139.83,158.03,295.9,398.02,8323
115.24,164.04,208.79,302.85,391.09,10601
113.8,130.75,147.52,363.35,422.11,10708
82.474,160.49,198.08,335.2,417.25,9310.2
107.57,186.03,179.77,293.42,430.17,10375
56.627,107.05,182.71,324.73,389.23,7807.1
80.676,188.11,181.97,315.61,403.72,9019.4
42.886,128.04,152.42,297.7,447.67,7713.2
89.49,179.81,168.72,306.32,418.19,9365.1
86.115,150.29,137.3,365.26,443.76,9520.2
55.188,185.24,168.61,308.67,379.83,7811.2
67.999,162.63,144.78,324.02,369.42,8006.1
73.972,139.15,201,306.94,396.82,8556.2
86.493,154.82,162.7,284.71,393.29,8756.9
101.4,167.91,150.54,341.59,398.64,9852.7
93.019,162.33,126.28,299.33,434.9,9338.1
73.585,146.37,180.46,333.62,386.34,8536.8
83.953,132.67,160.49,308.54,405.47,8802.4
117.61,171.62,155.72,286.54,385.15,10339
108.78,170.06,152.04,349.47,383.86,10185
76.794,144.49,174.5,307.29,386.02,8454.9
62.039,201.67,132.84,343,391.85,8205.3
89.077,180.77,144.11,337.1,396.21,9223.1
56.019,158.49,172.84,328.05,409.97,8132.6
71.175,174.8,181.2,348.25,431.29,9036.1
67.306,153.38,197.13,363.99,428.65,8976.8
77.539,163.58,208.4,298.16,396.39,8767.8
61.009,188.35,148.63,310.73,402.79,8099
84.459,150.86,153.53,314.7,394.72,8803.2
52.789,131.19,179.03,336.13,412.69,8044.7
77.555,146.06,140.1,300.53,388.55,8289.4
71.34,164.24,179.38,338.72,408.65,8739.4
48.277,175.39,152.11,311.53,385.87,7574.5
90.476,121.98,186.79,305.64,382.94,8978.1
48.978,140.98,148.18,301.79,425.18,7715.5
72.636,136.01,198.5,333.34,408.54,8745.1
65.188,172.25,160.28,304.23,387.9,8065
67.106,169.24,192.75,278.95,391.01,8158.8
46.502,183.48,207.51,307.21,418.9,8110.3
